gene,mrna,protein
Actb,2187.76,120124358.27
Rps27a,12.79,33958673.77
Eef1a1,3229.54,35632177.98
S100a4,1825.51,24371554.19
Lgals1,2247.05,24190416.04
Hist1h1c,4.31,18048885.06
Anxa2,630.69,24585526.19
Nme1,145.85,17140848.33
Cfl1,729.82,20728410.95
Pfn1,692.25,20300358.21
Tubb5,395.89,28010245.08
Rpl18,408.9,14414148.93
Rps14,341.76,11167559.75
Pkm2,1089.96,17242756.84
H2afv,10.94,10824992.16
Eif5a,437.32,15089910.44
Ran,165.94,13614745.82
Ywhaz,72.15,15356631.58
Rps20,445.93,9541317.71
Rps25,11.34,10959573.92
Hsp90ab1,898.58,16232953.45
Rps7,68.8,11644436.86
Ywhae,248.6,14499283.01
Ldha,388.36,13681447.51
Rpl8,1517.9,8070489.26
Hspd1,230.35,11850629.8
Eif4a1,138.56,12549328.8
Prdx1,182.57,12537698.41
Rpl32,812.49,7144969.73
Rps9,583.5,10084634.81
Mif,1077.67,9122432.42
Rpl26,675.81,7255397.35
Lmna,238.28,9696206.57
Serpinh1,444.32,17332335.28
Rps3,314.71,10338506.54
Rpl6,131.96,9020604.94
S100a6,1193.05,6758515.4
Slc25a5,276.79,8313420.82
Mdh2,184.44,8868597.56
Rps15a,7.41,7234844.23
Rps3a,258.41,7321375.1
Rplp0,1063.71,9811495.24
Npm1,564.79,7382289.7
Rpl31,9.44,8077465.49
Lgals3,174.27,7018196.7
Rpl23,89.17,6745227.87
Rps11,670.2,7242334.97
Rpl38,24.51,7706792.36
Eef1g,172.68,8301769.87
Rps5,816.03,7851361.87
Anxa1,158.26,10130505.17
ENSMUSG00000060419,521.3,7284143.97
Aldoa,337.25,7969332.75
Sod1,298.68,5152332.26
Nme2,445.33,6646289.55
Eef2,820.38,7219485.35
Hspa5,304.85,7752642.5
Rps19,37.75,6000483.35
Acta2,171.31,10693627.59
Rpl30,774.61,6791074.44
Ywhag,93.33,5416386.17
2900073G15Rik,97.98,7780741.93
Rpl13a,366.95,5410761.04
Hnrnpab,174.42,7113509.84
Tagln2,245.12,7015911.75
Rpl27a,31.48,5771435.82
Rps24,38.43,6492806.76
Anxa5,158.92,7559830.29
Arf1,102.88,5944776.81
Rpl4,535.67,6423973.15
Rps15,793.39,5016457.92
Lsm3,53.06,2338948.95
Tpt1,307.89,7490014.24
Hnrnpk,200.87,6226607.94
Snrpd1,41.76,4363606.43
Pdia3,159.36,6237226.93
Ppib,169.55,5623920.23
Pcna,206.43,5396251.62
Rplp1,1671.28,5883774.99
Gsto1,157.28,3776828.4
Rpl18a,18.12,4147276.97
Atp5b,394.35,6819014.18
Cyb5r3,169.08,5023441.46
Msn,164.18,4250796.86
Gstp1,405.77,6573337.9
Rpl15,6.3,4473892.04
Psat1,188.75,4627218.12
Cacybp,78.88,3905920.36
Myh9,378.13,4811847.52
Hspe1,73.62,3613341.72
Cct6a,156.59,4397997.16
Tpi1,147.79,4517168.94
Anxa3,103.36,4113210.12
Gnb2l1,754.79,5344202.09
H2afx,9.95,6096296.17
Phgdh,84.37,3595108.22
Serbp1,70.31,3269116.76
Pfn2,360.19,4480328.81
Phb,28.87,3083405.22
Txn,172.49,3662016.1
Hsp90b1,228.74,4633511.69
Ncl,98.73,4693799.19
Set,35.71,4721950.94
Hsp90aa1,274.96,4791752.38
Rbm3,72.67,2485509.49
Lrrc59,160.13,5149684.08
Ywhaq,29.69,3079361.74
S100a10,436.84,3456862.9
Dstn,158.22,3727044.12
Pebp1,167.35,4192354.0
Atp5a1,126.54,4164432.5
Cct3,246.99,3430038.56
Psma7,191.06,3368000.13
Plac8,330.02,4534043.15
Cav1,97.47,3384190.26
Ptbp1,130.7,3738813.17
Cct5,372.99,2996606.24
Ranbp1,127.67,3018260.32
Fscn1,136.0,2932556.49
Eif6,133.65,2485340.42
Cs,80.96,3362983.0
Psmb2,108.59,2711987.85
Psph,27.18,1923549.11
Hint1,238.03,2674881.98
Arpc4,45.74,2318013.78
Snrpd2,204.02,2440412.37
Ddx5,108.63,3149992.16
Psma3,9.84,2833070.02
Hmgb2,4.48,2367195.11
Hnrnpd,19.8,3537741.38
Sfrs3,35.05,2965294.25
Cct8,111.88,2793181.53
Nono,128.2,2399920.31
Cct2,182.71,3343218.08
Ddx3x,138.3,3236338.01
Cstb,221.34,3101552.98
Esd,78.86,2820157.77
Slc25a3,231.53,2601915.32
Psma4,170.49,2771363.76
Eif1,146.59,2624451.12
Pa2g4,138.24,2502684.11
Bat1,113.7,3404272.78
Psma1,104.83,2441024.57
Psma5,48.21,3452663.15
Cdc2,44.87,2726412.55
Eef1b,437.27,3600833.87
Psma6,146.33,2512015.14
Pgrmc1,99.44,2333145.64
Cct1,152.77,3000911.26
Cct7,176.67,2609536.06
Tm4sf1,1107.41,3278431.15
Vdac1,112.07,3892041.1
Plec1,115.77,2116962.97
Rab7a,169.6,2800617.21
Anp32a,20.35,2390362.45
Got2,77.57,2525665.55
Pabpc1,717.4,2647593.23
Hspa9,134.72,2465874.61
Ppid,61.12,2115889.51
Btf3,98.86,2311964.49
S100a11,399.59,2661217.64
Ube2d3,37.69,2183896.37
Shmt2,76.43,2302374.18
Cct4,101.61,2525523.19
Ube2i,28.91,1816963.01
Hnrnph1,116.8,3325438.05
Flna,323.62,2473869.78
Ybx1,120.28,1972465.61
Ptges3,49.9,2710799.45
Eif2s1,19.96,2297135.19
Pcbp1,154.76,2749275.36
Stip1,134.66,2235301.7
Rhoc,81.0,1844375.46
Sar1a,50.91,2158156.19
Psmb1,119.63,2470929.72
Ppa1,115.93,2599415.05
Fabp5,16.2,1757891.45
Elavl1,13.35,2411556.35
Atp5d,113.6,1087227.1
Phb2,85.63,2187128.82
Ppp1ca,229.18,2783511.45
Nqo1,79.61,1621776.18
Arhgdib,140.86,2315765.65
Hnrnpu,143.69,2430296.47
Prdx2,98.11,2985494.71
Psmb3,256.61,2640225.72
Calr,315.48,2708325.1
Idh2,75.32,2295034.39
Atp5o,130.38,2059451.81
Snrpd3,176.35,2309781.46
Sfpq,57.29,2225735.58
Ahcy,11.62,1984972.66
Ckap4,63.11,1750032.5
Anp32b,205.3,2104570.14
Cltc,132.58,2173190.68
Bcap31,78.25,1608948.1
Sfrs1,49.95,2138181.26
Kpnb1,125.05,2403930.9
Hsd17b10,47.58,1915000.33
Ube2l3,28.65,2134014.24
Cdc42,78.5,2295282.94
Gpi,92.48,2527638.22
Cse1l,35.81,2677708.99
Psmb4,213.44,2250185.83
Rab10,40.29,1949476.71
Psme2,51.53,1785566.17
Hprt1,48.44,1999449.01
Rps27l,166.6,1603701.79
Tpm4,187.34,2117842.89
St13,116.36,2276287.67
Eif4h,140.89,1606727.86
Prdx5,95.98,1851533.22
Gdi2,69.76,2784483.73
Psma2,130.05,2382480.03
Mybbp1a,189.66,1764453.01
Atic,74.96,1900534.48
Hsd17b12,60.01,1540498.55
Actn4,121.67,2546922.72
Etfb,41.8,1391100.4
Clic1,161.73,2315688.15
Vapa,43.46,1182212.54
Rps29,18.61,2273459.86
Psmd7,69.67,2149834.36
Fkbp3,46.76,1414696.26
Rab11b,2.88,1648236.05
Psmd11,61.05,1892194.76
Pgd,102.94,2621118.8
Nat13,32.56,1270055.78
Magoh,58.38,1348731.59
Ehd1,75.53,1798348.21
C1qbp,125.6,1636061.12
Ptrf,75.33,2037894.82
Hnrnpf,60.32,1984251.93
Atp5c1,80.62,1207791.95
Ptrh2,11.04,1292497.81
Psme1,51.71,1960883.84
Ap2s1,82.98,818450.03
Rab2a,68.1,1651267.92
Park7,54.25,1556825.52
Tceb2,121.05,1300831.22
Sfrs7,37.08,1589278.6
Cap1,129.52,2084609.45
Capzb,106.41,1840903.73
Srm,100.74,1729263.33
Nudc,79.09,1266391.66
Gsn,137.64,1933252.93
Prmt1,153.21,1664479.75
Anxa4,37.66,1807699.04
Ddt,69.18,1572741.8
Hnrnpa0,56.2,2006661.03
Psmb6,129.35,1604541.38
Pfdn1,28.09,717323.97
Tardbp,23.73,1975509.99
Ywhah,65.04,1343325.54
Mtap,45.0,1739146.69
Capg,116.74,2049798.8
Blvrb,54.22,1244564.87
Ass1,68.8,1848017.49
Uqcrc2,45.58,1470749.36
Rsl1d1,71.07,1023384.68
Arpc2,78.93,1191413.27
Arl6ip5,144.41,1798571.4
Asns,84.43,1473218.96
Mapk1,31.99,1400594.96
Dhfr,9.29,1239486.43
Snrpa1,36.19,1312351.37
Armet,32.4,1055195.85
Atp5h,114.96,1317704.55
Ak2,53.57,1035810.06
Psmb5,46.32,1464960.08
Rbbp7,104.45,1997868.71
Cisd1,55.32,931091.69
Nop56,147.48,1374780.55
Capza2,62.42,1945579.69
Actr3,104.59,1645685.28
Reep5,16.91,1052156.23
Rangap1,104.61,918444.9
Hnrnpm,98.87,1328604.05
Khdrbs1,59.22,1323500.75
H1f0,24.61,910192.35
Rab1A,39.4,1272070.14
Oat,39.94,1375077.6
Fkbp1a,133.82,1512494.77
Aprt,93.86,1330892.16
Prpf19,107.64,1280953.99
Paics,74.18,1530002.57
Nap1l1,49.24,2853394.74
Vps29,37.47,959110.25
Ddx21,82.23,1278919.29
Rab5c,78.91,1185747.76
G3bp1,76.76,1285176.91
Wdr1,149.2,1276539.03
Akr1a1,181.39,1325139.27
Ruvbl1,62.74,1545742.22
Psmd14,62.91,1373653.37
Eif2s2,29.01,1446413.62
Eif3h,329.16,1041056.6
H2afy,38.42,1117381.0
Rcc1,41.99,848147.99
Ywhab,59.25,1153018.05
Slc33a1,7.18,760432.45
Gstm2,42.29,1690152.0
Otub1,60.24,1468731.41
Rbm8a,16.02,1050820.62
Pdia6,112.08,2056562.5
Eif3m,65.5,1433706.78
Snrpa,45.64,1006852.95
Strap,56.09,1153752.27
Prps1,27.99,1347010.47
Ssr4,88.41,1484734.95
Raly,97.36,1226901.03
Ppp2r1a,91.18,1372553.98
Eif1ay,105.49,1043728.61
Psmc4,88.15,1390837.82
Prdx4,68.16,1170178.15
Clic4,45.51,1028157.09
Fkbp4,81.02,961227.1
Fus,156.28,1194570.12
Sub1,12.2,1561639.17
Actn1,150.69,1586173.86
Cotl1,72.05,1239083.99
Ssb,51.6,1483097.92
Acp1,2.24,962442.97
Uqcrc1,74.91,1154337.29
Uba1,158.22,1611995.09
Bax,93.48,997331.13
Ctps,58.12,1019802.44
Rab14,32.67,1169417.73
Acat2,25.24,1322088.13
Capns1,152.08,1246349.16
Ola1,28.93,1150119.27
Vdac2,43.87,1336852.47
Tsn,27.05,1054954.92
Ilf2,39.71,1046743.69
Rpn1,63.82,1115238.37
Clta,81.0,1104736.45
Emd,67.91,1302190.96
Rtn3,36.17,876193.43
Pls3,77.6,1475486.44
Aimp1,47.62,1149696.67
Glrx3,17.08,1224926.48
Rap1b,92.32,1494016.14
Umps,26.23,1064205.07
Serpinb6a,73.19,1429830.58
Syncrip,40.46,1395994.17
Psmc6,52.05,1061446.12
Psmc5,131.42,1182763.1
Arpc3,82.85,1038083.93
Sec22b,22.03,999639.71
Srp14,53.32,680602.96
Eif3i,94.83,907599.03
Tcea1,33.84,948727.68
Idh3a,25.07,1100154.8
Luc7l2,25.7,734214.29
Ruvbl2,59.04,1058920.85
Dhx9,63.63,850317.12
Pfdn2,42.48,705676.4
Ddost,90.74,1181752.03
Anp32e,26.49,1148670.85
Mrto4,66.82,715168.92
Adsl,55.67,1103239.98
Rars,64.22,1074194.76
Grpel1,16.87,696888.09
Lap3,40.79,1086415.04
Gars,124.82,975302.22
Nudt5,30.41,770440.22
Sept7,41.07,1174250.42
Tars,96.95,1229186.93
Gnai2,92.36,990237.55
Sec61a1,103.81,875426.45
G6pdx,44.89,939453.1
Suclg1,42.71,689153.95
Txnrd1,103.06,1029569.08
Dld,34.66,940735.6
Pfdn4,11.15,580115.07
Nop58,81.99,940960.06
Bzw1,94.54,1051819.53
Ube2m,76.76,776119.26
Sae1,64.73,989357.72
Nars,71.2,1044321.77
Dnaja1,5.01,922268.96
Vat1,50.27,995023.96
Lxn,43.34,965551.84
Srprb,28.84,745864.35
Slc25a4,140.25,1208605.65
Eif3e,130.67,1065558.68
Sod2,15.21,770396.53
Eif3s5,120.6,1440369.24
Mdh1,31.97,1183711.76
Polr2e,70.05,497146.95
Canx,99.87,1239632.09
Arl8b,20.66,745563.22
Cnn2,147.89,1075320.81
Eif4e,17.44,851881.05
Sfrs6,44.84,831221.47
Dynll1,33.65,982456.24
Pdia4,53.95,983943.31
Uqcrb,74.1,807606.05
Snrpb,135.62,1069554.73
Mapre1,11.6,854536.58
Timm13,46.25,751678.71
2610029G23Rik,19.89,1028483.03
Ssbp1,8.72,556387.48
Psmd12,66.77,1068973.2
Npm3,72.72,914968.94
Pdcd5,29.58,511120.65
Atp5i,174.0,890168.46
Ube2k,16.03,875663.3
Cyc1,146.03,844686.65
Spr,37.72,859063.31
Mobkl1b,35.42,619710.96
Gmps,26.61,765064.34
Actr2,39.94,868094.03
Atxn10,75.08,986737.61
Pafah1b2,24.8,933753.91
Psme3,50.53,785098.74
Ptges,59.22,436564.2
Itpa,25.05,688604.19
Sept2,35.69,1230417.44
Hadh,27.59,948372.31
Bub3,55.68,938392.62
Psmc2,97.25,919895.2
Ahnak,63.05,580568.97
Vamp3,24.19,578143.01
Tubb6,132.07,1370371.85
Fam162a,49.67,487002.02
Snrnp70,115.83,805561.79
Pycr2,26.06,574649.07
Uchl3,38.87,717766.98
Eif3l,222.77,964493.18
Ugdh,68.19,1053286.84
U2af2,114.63,1094979.51
Rab6a,23.27,656525.0
Cdc37,68.96,874569.32
Spcs2,23.61,750303.48
Dut,20.22,813894.05
Psmc1,67.36,921646.78
Pycrl,39.75,514398.68
Csnk2a1,18.19,846353.72
Gspt1,20.09,597062.69
Bxdc2,25.42,791925.16
Rsu1,33.6,1024721.64
Mad2l1,34.29,717617.24
Vamp8,58.62,559863.21
Csnk2b,65.49,608674.75
Tceb1,23.89,639769.6
Rbbp4,36.39,700005.12
Tkt,17.2,740397.05
Pdlim1,65.15,1046752.35
Rps21,579.26,1091191.67
Psmd6,41.59,906917.54
G3bp2,42.97,612521.91
Kars,73.14,711916.61
Txnl1,20.54,751365.46
AI314976,7.27,740769.4
Psmd3,124.63,826919.99
Eif3d,225.92,766193.65
Tmed10,10.74,856859.23
Acat1,12.43,798950.28
Acot9,46.78,755180.28
Snx12,14.18,736451.35
Mbnl1,29.1,400236.71
Sars,116.53,848861.47
Etfa,15.85,973524.7
Ahsa1,101.83,1015147.99
Vcl,63.74,825457.58
Alad,34.92,775413.31
Flnb,80.2,768468.07
Tbca,76.3,646728.43
Eif4g1,152.93,613512.81
Skp1,55.74,918066.77
Aco2,69.99,806312.42
Cuta,31.5,272633.88
Mat2a,80.06,786968.82
Ebna1bp2,22.27,507676.68
Rbmxrt,30.58,726118.59
2700060E02Rik,15.08,709062.92
Ppp2ca,92.04,1048594.68
Rpl7l1,39.7,409202.69
Ganab,69.38,863264.28
Eif3k,131.82,827794.61
Calu,161.71,940011.44
Galk1,52.06,697479.66
Prkcsh,74.2,543495.47
Sbds,22.12,406204.33
Hdgf,123.97,916169.29
Rpn2,93.01,924200.87
Cox4i1,196.87,945088.55
Dci,19.33,533718.98
Tmpo,29.34,606862.23
Lasp1,43.52,620328.33
Iqgap1,69.32,823142.94
Psmc3,87.82,888666.34
Akr1b8,46.31,750912.22
Ndufa13,25.53,455842.44
Lmnb1,24.09,569914.43
Mtch2,18.95,805159.92
Coro1c,63.14,731558.69
Hyou1,56.17,649894.39
Nip7,16.16,633907.99
nan,24.89,635398.17
Nhp2,84.75,758766.17
Pcnp,16.59,305698.95
Zyx,260.85,508957.21
Ssr1,19.86,894928.19
Prkar2b,48.09,871250.59
Cops6,84.25,732651.08
Actr1a,39.73,786494.05
Atp5f1,64.85,640198.39
Cyb5b,27.55,851195.7
Dars,20.49,622222.19
Timm50,50.83,713851.6
Tra2b,36.15,803163.37
Yars,31.54,542291.55
Nans,40.09,676047.43
Snd1,79.21,872156.51
Fth1,2254.97,463816.79
Tfrc,46.86,709126.56
Sept11,52.18,692282.42
Pin1,12.79,625345.52
Dcakd,40.25,564938.35
Uqcrfs1,41.49,401746.88
Apex1,44.39,754706.4
Gsta4,27.48,564374.03
Gar1,46.53,507519.24
Fen1,37.46,597608.42
Rtn4,44.22,677142.39
Acadl,21.83,551045.63
Fkbp2,27.86,577171.79
Tomm22,87.31,664627.66
Pitpna,39.61,595835.54
Ndufs5,47.7,255722.44
Tomm40,55.81,578608.61
Tmed5,14.75,488107.72
Impa1,14.24,495810.39
Mcm6,66.0,685310.43
Arcn1,42.83,512315.14
Vdac3,68.04,769744.47
Mesdc2,18.19,580260.09
Banf1,139.66,684091.43
Nes,53.26,469826.44
Por,54.86,626571.13
Chmp2a,64.3,313444.68
Ifrg15,17.42,369265.14
Psmd2,159.11,680773.54
Dpysl2,4.12,736214.42
Dctn3,28.05,325435.81
Mcm7,75.46,745147.75
nan,59.32,555753.85
Rad23b,56.46,649643.64
0610038D11Rik,37.99,465639.51
Psmd8,50.36,599122.27
D10Wsu52e,76.86,627875.32
Iars,50.68,571971.46
Eif3g,85.6,600524.91
Snrpb2,28.99,403520.02
Cox6c,210.54,621667.84
Rab18,16.89,474693.52
Ralb,18.01,444363.27
Prkaca,24.13,623190.42
Arglu1,35.77,269558.49
Rcl,24.28,458486.78
Cryab,92.85,577067.08
Eif2b1,24.56,373337.22
Gsdmdc1,106.95,701006.91
Cops4,35.08,585588.79
Mcm3,67.07,667621.65
Cfl2,17.97,581450.47
Aifm1,31.03,549164.05
Slc25a24,37.51,921794.04
Abce1,52.14,529165.55
Rcc2,81.41,485175.22
Commd2,153.02,431431.26
Txndc5,70.24,790404.55
Sh3bgrl,25.67,648700.33
Plekhf1,8.5,440295.5
Gng12,36.52,658581.1
Grb2,32.4,467140.84
Ehd2,48.91,911590.54
Pgam5,27.26,253050.52
Sri,17.72,416374.26
Rhog,33.97,436816.56
Idh3g,50.99,449440.82
Eif3b,145.44,721123.69
Mmgt1,11.84,348569.61
Sh3glb1,26.65,552156.42
Pdcd6,42.7,587172.43
Pgls,19.51,580660.81
Tmpo,33.4,553007.85
Tmem33,10.94,580495.49
Snrnp40,30.53,507423.96
Csde1,66.24,428091.75
Nsfl1c,52.93,553494.31
Anxa6,28.39,722921.7
Psmd5,30.44,635704.93
Glo1,21.81,581557.24
Uqcrq,167.99,642592.72
Vapb,8.35,363030.97
Pdxk,11.63,446205.5
Supt4h1,71.97,276629.42
Idh3b,50.36,413930.15
Ndufa8,62.0,393887.31
Map2k2,34.53,327073.31
Rbm39,49.96,555159.24
Pdcd6ip,31.73,622297.55
Hdac1,10.8,459022.89
Got1,16.43,508935.42
Pabpc4,49.03,444829.31
Cnn3,76.55,712315.65
Glud1,26.18,486988.35
Puf60,132.38,524433.85
Mapksp1,14.04,341826.38
Sgpl1,49.77,378664.89
Cisd2,11.92,326496.8
Rab21,21.22,380400.93
Csnk2a2,10.65,410023.09
Nutf2,2.45,399948.84
Farsa,35.77,557267.67
Arpc5,57.78,563450.73
Oxct1,36.63,650466.62
Etf1,41.65,599064.76
Cox5a,96.75,386574.28
Slc25a11,36.12,565237.33
Fam49b,18.4,549110.44
Khsrp,35.6,483455.53
Psmg4,31.74,275500.75
Cnpy2,34.3,489784.72
Hspa4,46.11,704633.72
Rab1b,65.13,595427.42
Ubl4a,37.01,268350.88
Mki67ip,31.0,410627.88
Dhx15,62.75,602135.3
Pafah1b3,30.42,405881.82
Hmox1,24.43,393337.22
Mcm2,78.23,552318.55
Ak1,34.64,571330.82
Arl1,56.41,511497.71
Ptgs1,177.69,755271.66
Tsta3,56.18,565950.89
Mtpn,45.24,441425.75
Mcm4,62.1,564101.71
Psmg3,13.6,321908.44
Bzw2,63.55,539078.9
Rras2,23.31,345530.86
Ddx6,23.88,497118.44
Narg1,26.0,416767.17
Lsm4,44.61,343170.22
Hars,50.46,507961.01
Mthfd1,34.97,548842.83
Ftl1,866.36,372255.56
Txndc17,25.16,464706.16
Gstt3,20.87,488401.97
Akr1c13,22.97,497472.86
Cdk4,178.55,298984.47
Drg1,39.52,544662.58
Hmga1,277.76,214873.39
Myo1c,80.55,544445.58
Dnaja2,40.65,508518.83
Cops2,30.84,510501.64
Ddx18,71.46,395266.01
Dlst,51.37,471438.72
Map1lc3b,17.14,244430.58
Igf2bp3,13.65,503544.51
Bri3bp,8.21,321422.06
Ccdc58,9.8,319524.04
Cox5b,85.79,295842.0
Arf5,58.24,471973.98
Dad1,67.03,533533.32
Csda,131.92,304630.49
Txndc12,18.93,358703.25
Ndufa6,68.36,270942.04
Flnc,50.05,443168.91
Dkc1,42.54,452290.82
Matr3,28.85,664990.61
Fundc2,7.22,316377.08
Lamp2,62.11,570834.62
Pdhb,20.24,509974.03
Ddah1,26.04,398315.87
Rheb,26.56,203443.27
Eef1e1,22.68,381843.68
Fis1,55.22,474966.67
Gclm,34.74,417407.61
Suclg2,19.68,410433.0
Cnih4,10.92,538088.41
Gpx1,227.28,482780.49
Pea15,25.88,467021.54
Sgta,45.56,454801.76
Erp29,40.6,534025.44
Polr2h,26.27,500153.83
Tln1,49.88,499160.53
Eftud2,67.81,487423.66
Cmpk1,17.07,428675.99
Pmm2,18.47,267179.38
Kpna4,24.75,524988.71
Hat1,37.39,416054.07
Tmem43,22.03,454681.38
Nedd8,86.76,318308.96
Myof,80.25,396118.32
Top2a,106.85,410207.05
Tomm70a,39.72,346796.7
Chchd3,25.48,267840.55
Dnajc8,41.15,346257.27
Hadha,18.64,424862.49
Sec11a,58.31,439010.51
Dync1h1,39.71,362995.64
Vars,39.54,364215.99
Mtdh,56.63,418724.13
Gnb2,115.25,434368.14
Wwtr1,484.91,270590.69
Hdlbp,80.21,431914.95
Txndc9,5.65,299273.97
Pno1,23.74,264688.13
Mcm5,53.99,459789.98
Abcf2,72.09,317045.88
Nsdhl,9.07,498169.58
Plscr1,20.71,327378.68
Uchl5,11.13,431730.49
Map2k1,22.35,284958.39
Ard1a,46.39,497655.39
Eif5,58.4,484074.12
Parf,22.16,298479.98
Ttll12,30.14,429632.09
Dek,31.41,388068.03
Cnbp,217.65,401756.0
Gtpbp4,34.74,345208.83
Efhd2,17.22,347865.17
Pak2,18.88,308611.38
Snx3,36.34,471982.73
Caprin1,49.83,587975.39
Igf2bp1,12.41,418931.55
Slc3a2,76.93,478150.53
Ipo7,72.51,569154.49
Blvra,13.1,342375.72
Mrps17,29.32,240040.95
D17Wsu104e,48.5,383574.56
Nup50,32.81,237476.31
Cyb5r1,48.42,341424.53
Eny2,18.07,323615.92
Nasp,23.69,410323.46
Atox1,91.62,297978.0
Tmx1,21.71,308526.14
Tmed9,80.74,402872.68
Scpep1,65.7,659423.29
Adh5,46.94,423275.47
Fam129b,124.4,588236.9
Fubp1,20.82,399171.66
Cav2,22.05,366918.48
Lman2,27.52,423638.41
Apoa1bp,32.09,369241.93
Sf3b14,34.58,351877.14
Ddb1,186.08,378566.12
Txn2,121.7,312029.3
Ndufb5,30.5,296876.96
Sec31a,46.04,392813.66
Atp2a2,90.39,369556.4
Copg,69.22,493900.05
Nmt1,71.73,410422.91
Hmox2,23.77,366096.45
Pafah1b1,29.01,331314.5
Arf6,31.73,596244.72
Ppil1,42.3,306520.5
Bcas2,29.11,348935.47
H2-Q2,206.57,633251.66
Glrx,23.4,224243.54
Fxr1,50.62,333609.15
Cad,37.56,326035.93
Trim28,70.27,508302.15
Bag2,18.52,299570.4
Cyp51a1,30.97,784884.68
Actl6a,38.82,412885.92
Lsm8,39.47,467465.38
Ap2b1,28.07,499746.77
Metap1,34.81,307633.99
Vbp1,22.89,353615.44
Eno3,29.04,405631.96
Sugt1,15.41,375785.73
Napa,27.07,349746.73
Cope,50.23,458819.85
Acads,13.77,312016.45
Gnl3,42.53,248542.71
Rbm14,20.74,288756.16
Pdha1,42.44,302275.75
Hpcal1,22.31,434478.77
Kiaa0020,25.67,245537.87
Sdha,40.33,308763.86
Atp1a1,136.55,400353.0
Pacsin2,65.59,361670.02
Aars,44.05,457904.19
Capn2,55.11,334736.02
Copa,51.91,367322.36
Rdh11,10.12,215358.68
Atp6v1a,20.3,342111.64
Psip1,24.37,327260.08
Mars,41.48,331713.16
Pcmt1,11.98,272934.44
Ociad1,73.72,294596.56
Dbi,58.38,352208.16
Ptbp2,17.9,334498.55
Eif3c,166.0,377111.08
Nop16,27.28,297357.84
Pabpn1,30.19,352046.33
Pfdn6,52.12,219408.47
Dcps,16.64,351380.48
Rprd1b,10.09,425120.2
Cops3,34.9,421981.72
Nras,22.63,378351.91
Shmt1,18.19,295364.7
Lsm12,22.26,259465.17
Wdr61,28.76,390856.17
Tmem11,21.89,221674.73
Rpl22l1,39.02,169763.28
Spcs3,18.56,375454.97
Ppp1cb,27.9,396282.4
Tbcb,32.76,295545.54
Chp,21.22,300586.44
Phf5a,63.98,297853.27
Me1,18.83,409429.92
Tmem109,59.09,388449.18
Pes1,38.95,244877.0
Sdhb,40.11,298859.3
Mtx2,28.02,228399.62
Cops8,27.92,383747.9
Trappc3,33.04,244903.7
Hk1,38.52,355410.79
Npepps,36.81,441294.79
Immt,54.62,301977.67
Poldip3,68.66,222855.57
Mrps34,22.92,216321.29
Ufd1l,20.0,303753.13
Cdk6,27.12,411418.24
Tes,76.12,304234.57
Qars,44.62,438125.61
Tmod3,17.44,322760.79
Rfc4,17.34,271450.76
Fh,27.32,440620.53
Ccdc47,36.8,243335.37
Adi1,44.2,372632.69
Hmgb3,11.02,229933.28
Top1,29.52,335705.98
Cops5,51.93,349230.55
Tubb2b,6.63,756047.51
Cdkn2a,109.83,316024.01
Dctn2,60.49,410741.48
Acadvl,29.38,271266.95
Dazap1,34.75,375822.63
Copb1,42.99,411235.09
Npc2,40.19,376290.75
Brp16,26.84,305913.27
Pgrmc2,22.43,322558.21
Mrps6,69.83,250164.23
Vps35,34.37,380366.44
Lars,32.97,366212.05
Swap70,33.92,349388.44
Rhoa,67.13,375611.34
Rrm2,58.11,308094.18
Grhpr,11.96,321030.97
1810009A15Rik,80.78,248476.23
Ap2m1,50.76,326856.7
Tmem176b,121.26,187923.04
Nedd4,117.47,509534.75
Ddx1,63.37,378584.9
Gls,22.06,374840.83
Slirp,49.16,190026.69
Gpd2,15.2,349506.27
Lta4h,22.6,280279.22
Ubxn1,65.31,339916.97
Dnmt1,64.06,243649.07
nan,35.2,295395.72
Rbm9,27.11,293344.49
Eif5b,18.6,239044.32
Ppm1g,91.22,157602.41
Casp3,20.98,387995.23
Metap2,18.97,278902.09
Ahcyl1,63.06,185649.27
Nfyc,19.07,91720.58
Zfp207,67.5,183044.64
Drg2,29.94,285662.48
Snrnp200,43.27,324014.99
Stub1,45.68,220965.67
Ovca2,10.26,204428.5
Ykt6,33.63,375518.71
Basp1,67.49,114097.13
Mthfd2,56.98,210608.7
Chmp4b,54.89,240253.95
Ubqln2,34.56,470895.9
Srrt,53.13,230724.81
Prep,38.28,308298.54
Pdlim5,30.69,346624.99
Sec13,78.84,397292.8
Kpna3,18.51,268186.41
Gart,28.11,313957.39
Sf3b3,65.26,325949.7
Trappc5,11.93,221036.68
Memo1,25.3,237228.88
Asna1,41.99,299148.2
nan,43.65,393393.07
Tmem126a,37.16,206546.51
Hypk,69.17,243795.4
Ethe1,10.74,308955.27
Zwint,36.54,249178.98
Rbx1,27.3,233913.01
Psmd9,11.02,192088.33
Smarca5,16.71,287880.03
Imp3,31.96,255963.78
Sfxn3,17.17,377174.05
Np,9.32,417307.2
Cbx1,23.84,255693.64
Rpa2,22.18,323626.47
Ttc9c,13.69,272799.27
Sf3a3,39.46,264637.34
0610037L13Rik,8.11,146733.72
Tuba4a,11.22,658352.69
Lsm6,7.73,296185.19
Aldh18a1,21.12,294632.43
Rpa1,80.6,253322.25
Llph,7.28,231558.95
Picalm,41.17,287846.12
Ebp,11.26,306354.47
Nrbp1,40.65,289319.74
Ssr3,100.53,424838.51
Erp44,14.13,280712.57
Mrpl27,41.98,133907.75
Usp5,43.85,417933.5
Mrps23,24.86,269985.36
Wdr77,35.18,317231.97
Sfrs9,51.33,225464.0
Bsg,189.0,258978.14
Glipr2,19.91,226031.74
Ppih,2.19,242225.83
Rpp30,10.18,226865.55
Rpa3,19.05,287298.07
Tyms,18.22,304881.27
Edf1,93.44,211653.7
Lin7c,13.42,215691.53
Ube2z,42.53,273655.28
Rqcd1,20.57,206864.01
Nup155,24.58,218746.37
Crk,36.0,360469.93
Stx12,16.42,267452.16
Ctbp1,67.73,303208.06
Cdkn2b,14.4,177385.14
Sf3b1,31.41,234196.2
Eif2a,20.16,218812.42
Polr1c,62.87,304623.3
nan,22.15,198880.15
Bxdc1,10.4,238279.36
Trnt1,18.42,249161.79
Qil1,39.6,279271.04
Sfrs5,77.54,401025.75
Aldh2,16.27,370082.89
Dynlrb1,60.73,257550.1
Oprs1,44.85,274974.55
Dpm1,6.13,264809.29
Cpox,17.68,312846.16
Eif2b2,30.04,263941.85
Ppp2r2a,23.17,322189.88
Arpc5l,19.82,185008.79
Nsun2,52.39,356391.03
Utp18,20.27,122012.79
Mvp,26.46,326578.91
Atpif1,83.15,161993.62
Stoml2,24.23,355147.79
Rfc2,29.36,227159.01
Ndufs3,23.63,289556.68
Sfxn1,19.48,271130.89
Atad1,23.24,220246.49
Hnrnpr,37.67,305663.04
Rrs1,28.77,175246.42
Cox4nb,8.44,275605.61
Psmb10,29.49,221789.9
Pole3,45.07,222591.62
Rala,11.92,240473.17
Ilf3,23.45,234421.59
Lypla1,13.72,235099.76
Prkcdbp,32.39,270041.45
Rap2b,8.5,268726.13
Mrpl53,32.18,141199.72
Slc25a12,12.22,304232.37
Ppp3ca,37.17,306831.4
Ndufa5,53.35,191106.86
Rrm1,66.28,472057.37
Ndufa4,293.66,543497.09
Clpp,35.21,222699.64
Ube2c,51.32,232381.75
Mta2,52.97,189608.97
1810008A18Rik,22.5,140892.83
Acad9,10.4,180710.19
Nmral1,16.67,218401.09
M6pr,49.51,327135.99
Lsm1,5.89,167788.22
Hp1bp3,32.61,237506.05
Bola2,75.71,191678.39
Tnpo1,39.25,368090.48
Thop1,30.09,224524.69
Cbr3,12.53,202744.29
Thrap3,38.92,146089.89
Prpf8,106.48,262477.45
Atp6v1e1,28.59,246072.25
Supt5h,61.02,173706.27
Impdh1,28.58,180158.81
Ccdc109a,14.01,244707.4
Sf3a2,41.02,187117.64
Dhrs4,8.99,165375.3
Mgst1,18.12,260147.56
Ufm1,10.16,221075.6
Ctsl1,485.21,344000.4
Ergic1,46.26,295051.85
Purb,15.05,325605.59
Bid,21.65,228220.52
Crop,23.04,221805.18
Fhl3,33.37,225790.11
Vps4b,14.71,204867.89
Pgp,29.14,239706.44
Chmp1b2,2.99,175127.23
Dap3,12.22,212621.78
Sptbn1,47.85,297762.21
Fubp3,16.82,192080.11
Upf1,21.76,237648.58
Mlec,37.66,241720.16
Bysl,17.16,173008.59
Uck2,54.8,199373.77
Nif3l1,13.75,261628.24
Ptms,91.29,261987.8
Gpx4,50.43,249639.24
Dlat,7.53,212762.48
Sumo3,62.94,127053.74
Cbfb,22.75,199524.03
Dtymk,30.78,147881.81
Cat,11.94,170953.28
Cd9,166.13,272973.35
Ppic,39.35,275503.5
Ubap2l,55.42,251246.93
Mrps7,42.77,113141.32
Pck2,13.22,285091.52
Atp6v1c1,39.28,240096.68
Imp4,21.22,150991.15
Psmg1,17.8,224593.79
Cd44,69.63,337235.54
Pfas,11.06,139948.69
Drap1,95.34,169267.25
Sf1,46.67,272624.35
nan,11.73,154843.06
Ddx17,22.63,232038.29
Nt5c,30.19,269331.93
Emg1,60.19,200662.05
Uba2,49.64,283091.92
Rraga,37.31,184075.63
Pdcd10,7.63,234868.43
Rdx,36.45,216687.29
Wars,22.84,294131.04
Pdcl3,35.3,331829.53
Psmd1,76.58,329803.43
Dnajc7,37.76,152987.3
Sf3b2,74.49,164585.47
Ostf1,20.23,362841.69
Cpsf6,11.2,213497.11
Tax1bp3,14.66,252583.04
Rrp7a,67.53,109916.04
Prkar1a,73.32,180477.98
Fkbp9,65.14,277566.73
Utp11l,27.35,119346.47
Ipo9,28.76,262418.84
Ttc35,23.88,238983.13
Bpgm,34.9,146651.19
Trim47,25.45,242268.09
Vps26a,18.04,289554.52
Vma21,6.57,209289.3
Dnpep,14.14,351256.26
Cops7a,30.72,257158.5
Xpo1,30.89,407070.42
Wdr12,11.5,323207.98
Denr,56.49,235882.56
Qdpr,20.35,218157.46
Ranbp3,38.04,164465.76
Sephs1,9.2,248061.06
Adss,24.73,403448.85
Vps28,58.58,193938.32
Usp14,15.64,235024.8
Selh,65.7,147275.58
Mrpl14,43.32,116854.47
Lyrm4,2.7,128669.29
Nampt,10.2,290862.44
Arfip1,13.34,198344.77
Cald1,165.47,151456.45
Adrm1,63.64,323247.05
Ndufb10,67.11,261089.04
Rfc5,28.6,239449.73
Ddx39,45.31,228094.98
Aacs,18.35,247524.25
Hspa4l,38.89,290839.57
Bat3,51.72,187605.87
Cpne1,20.95,276535.7
Nop2,52.27,224126.08
Rab32,10.17,163353.43
Ncln,61.6,189389.85
Chordc1,18.44,181231.72
Scp2,9.35,168292.21
Gtf2f2,10.4,111567.97
Coro1b,52.82,202644.77
Rbp1,8.01,261036.43
Nipsnap1,9.56,184576.58
Ngdn,15.41,177021.58
Nsf,23.08,212454.02
Tmco1,7.1,252196.15
Mpst,6.85,234143.0
Ppp2r4,43.78,258972.01
Snx5,36.08,144744.86
Snrpf,10.28,257458.16
Cpsf7,25.13,132542.19
Mycbp,7.77,143569.18
Prim1,34.54,149422.63
Atxn2l,47.3,155877.0
Pih1d1,19.04,143281.57
Gnai3,40.29,241260.76
Mrpl11,24.97,154276.67
Lyar,39.79,146511.27
Rexo2,34.07,188851.93
Rragc,27.68,161041.5
Ssrp1,105.04,214355.19
Uso1,41.65,244622.28
Ndufc2,45.85,176947.56
Srp72,27.53,201763.16
ORF3,35.51,179443.69
Ndufv2,25.61,190313.72
Eif4g2,114.76,253767.24
Pef1,15.66,241974.87
Ephx1,23.75,348486.83
Mapk14,20.41,190467.2
Tfg,26.93,222310.14
Dnajb11,16.33,216171.34
Ndufb3,31.35,151581.1
Ndufa9,43.29,221531.21
Prosc,7.73,156686.72
Map4,25.15,223039.81
Ppp1r7,8.29,258945.92
Mpp2,1.88,193251.94
Camk2d,17.7,255847.07
Smc3,25.64,148400.07
Wdr18,14.71,182328.48
Grwd1,36.63,258857.68
Tfam,12.03,166334.4
Col1a1,589.1,265519.22
Vps25,25.44,215937.82
Mrpl9,31.81,118378.37
Mrfap1,87.71,121159.87
Tmed4,16.4,137989.47
Atp6v0d1,19.9,257933.34
Sdpr,15.82,189928.63
Gfpt1,14.85,220203.76
Aldh9a1,11.86,169755.83
Rbm28,19.06,168692.77
Ubfd1,12.65,185386.44
Pygb,19.51,261036.78
Atp1b3,73.68,301878.4
Ndufs2,58.9,146330.82
Sf3a1,25.02,215884.03
Dbnl,26.35,178236.52
Bak1,42.04,233631.19
Rrbp1,44.46,184414.34
Aip,44.73,197156.74
Dpp3,35.2,254172.89
Tomm7,21.85,152004.8
Pspc1,7.98,111747.39
1110020G09Rik,11.27,143442.88
Parva,56.6,238276.27
Polr2j,56.19,112850.35
Fam50a,21.03,156012.17
Ppp6c,13.17,165531.41
Rcl1,30.38,136399.54
Spag7,30.93,130037.27
D10Jhu81e,11.01,140033.16
Rab34,45.48,126402.83
Pura,8.16,258911.42
Snx9,73.3,243644.3
Trip13,18.21,165221.23
Gsr,20.07,248324.75
Rab31,34.72,230052.9
Mltk,18.38,189491.25
Slc25a1,15.03,165400.35
Ddx27,47.96,146243.22
Rrp12,16.78,113288.64
Cab39,20.47,227002.78
Far1,26.47,235879.4
Lass2,91.57,241286.74
Mrps28,14.42,136269.65
Eif1ad,30.48,103986.1
Lbr,16.02,151712.17
Enoph1,19.46,171250.18
Tiprl,5.42,148416.44
Cdv3,49.13,225753.66
Nup93,28.55,202774.28
Timm44,23.38,184846.66
Ppp1r8,26.46,158546.41
Asf1b,20.98,133682.11
Sec61b,101.78,353444.73
Rps19bp1,52.73,116677.23
Tomm5,70.88,132966.35
Clns1a,47.71,186217.39
Ddx46,19.02,124828.66
nan,14.39,178415.77
Arhgap1,23.68,320046.51
Smc1a,37.71,130740.32
Nup62,41.82,188880.12
Mpp1,36.65,264578.54
Ndufs1,19.66,176418.07
Tpd52,20.76,236962.92
Gmds,17.0,194173.08
Rbm25,22.94,117447.35
Synj2bp,2.47,141394.36
Snw1,27.87,127490.69
Rrp1,81.49,134536.58
Smc4,24.05,112903.75
Ndufs8,40.45,178577.43
Ctnna1,62.84,209594.57
Myl12b,64.31,330321.03
Mobkl3,10.38,127778.46
Rrp9,36.24,100111.66
Rap1gds1,24.9,178377.13
Smarcc1,31.02,130021.2
Sh3gl1,22.65,181352.46
Parp1,36.57,187881.49
Hspa14,28.39,162030.78
Fam114a1,9.38,112717.08
Ktn1,15.11,106649.36
Rtcd1,34.2,189228.12
Cks2,38.85,101855.86
Lonp1,40.61,159634.9
Ppp4c,46.06,202101.4
Csnk1a1,37.47,230966.96
Map2k3,62.41,134735.73
Prpf4,6.59,123978.37
Nup54,18.95,94324.75
Hnrpll,20.37,169042.86
Blmh,21.73,311182.1
Ero1l,22.03,278836.96
Praf2,17.43,155509.35
nan,43.78,158118.69
Mapk3,43.26,195818.55
Odc1,177.08,205591.24
Sumf1,10.82,183829.44
Mp68,90.32,149209.34
Ivd,9.48,115959.18
Trap1,22.48,142347.07
Anxa11,12.03,152229.0
Bles03,35.92,125311.66
Comt,34.01,219006.13
Sec24d,45.58,192548.79
Tra2a,48.6,241423.88
Ndufa12,74.89,134062.99
Vcam1,47.02,271027.57
Ppan,51.88,148517.61
Utp3,31.4,117845.22
Mrps25,9.66,105040.46
Smap,71.69,243173.67
Mrpl13,92.78,115276.16
Cugbp1,29.85,99133.79
Timm8b,49.21,110196.58
Itga3,89.07,197755.86
Exosc4,24.52,153172.8
Ncbp1,41.86,188073.71
Numa1,37.0,193246.51
Fkbp10,63.41,200261.12
Tial1,11.3,143733.51
Acsf2,4.25,195698.63
Myef2,14.87,130208.49
Hspbp1,21.45,164065.28
Ppil3,17.39,332476.02
Ccdc124,37.48,117731.73
Fam128,9.43,84138.26
Ube2h,8.15,206651.71
Nup43,13.29,144054.44
Tpr,31.8,128399.14
Cggbp1,13.5,92360.24
Scfd1,16.91,188225.6
Trmt61a,11.14,111811.31
Rabl5,15.7,122362.73
Cda,10.57,143050.61
Psmd10,17.97,102836.48
Sumo1,51.76,114667.5
Stxbp1,17.52,75167.37
Gosr2,25.97,101102.03
Wdr82,18.14,123038.76
Ilk,69.4,189245.79
Tsr1,56.59,212784.21
Gna11,28.64,144702.53
Ube2a,14.58,154795.2
Mrps14,12.21,74622.01
Hmga2,82.21,87090.78
Ythdf3,19.18,149966.44
Tbl1x,36.45,115524.81
Cand1,8.07,189882.88
Ndufa10,44.9,245975.01
Lamp1,212.13,215596.93
Psmg2,13.43,108528.07
Fam3c,23.94,134589.9
Naca,6.63,262917.69
Sucla2,12.06,143002.83
Chchd1,24.81,56528.45
Wdsof1,57.62,103810.9
Nol7,10.92,70065.72
Chchd4,20.8,153941.35
Erlin2,9.15,186243.87
Tmem97,56.6,143596.93
Sep15,99.35,120815.13
Atp6v1d,16.91,108310.74
Mrps26,27.8,84490.2
Rab5a,16.28,169816.28
Arl2,13.47,164346.05
Ythdf2,13.99,149919.82
Lzic,13.48,168450.84
Dnajb6,10.14,101035.22
Noc4l,31.05,109130.78
Adh7,18.77,141920.98
Junb,55.02,150762.71
Plrg1,37.08,110607.83
Dpy30,26.14,238989.39
Nxf1,38.62,164579.34
Carhsp1,23.71,138661.15
Med10,33.73,64283.84
Atp6v1g1,41.95,152591.06
Vps26b,9.23,145115.4
Prmt5,27.37,137213.96
Ddx56,15.63,79916.5
Ccdc86,13.54,43715.8
Dnajb1,17.7,221553.45
Pdcd11,21.37,118664.29
Larp1,53.52,120226.81
Baz1b,42.03,113177.3
Hrsp12,11.57,178964.22
Bop1,97.16,149219.97
Gbp2,11.07,261191.84
Sord,6.09,77683.8
Scamp3,44.44,109074.59
Cwc15,30.79,116943.14
nan,29.47,104384.66
Tmed1,24.09,123642.27
Snx6,27.72,146348.61
Tubg1,52.04,221769.47
Mrpl43,27.33,78060.51
Rab35,32.13,150845.38
Rbpj,16.21,102935.51
Pfkp,23.57,253447.64
Sar1b,19.16,159279.56
Scamp2,13.04,105242.69
Sssca1,51.22,138730.63
Gpc1,176.94,202897.56
Gcn1l1,25.63,129539.89
Slc2a1,50.45,208913.09
Lig1,33.76,130825.21
Tnpo3,37.94,159057.47
Tsfm,10.93,144107.66
Ppp2r5d,27.87,150285.65
Reep6,8.4,76138.55
Heatr1,17.22,99345.96
Faf2,13.09,213755.95
Dhrs7b,16.09,130372.39
Ostc,56.68,149889.99
Spcs3,9.13,122958.57
Heatr3,20.39,129531.67
Fam96b,28.33,118709.43
Dohh,32.36,135537.88
Hnrnph2,42.45,218247.24
Smu1,24.89,144314.49
Gadd45gip1,15.44,74819.05
Ugp2,8.64,217811.2
Creb1,2.63,90006.84
Papss1,24.45,172249.55
Ciapin1,9.7,144665.44
Ugcgl1,12.1,142873.24
Pmm1,41.25,81060.62
Poldip2,33.36,133471.35
Dync1i2,24.93,112935.78
Gmppb,8.77,99281.24
Ado,14.93,74295.11
Ndufa2,110.04,142639.41
Chrac1,33.84,139181.35
Anxa8,21.27,227545.14
Atp6v1f,61.38,101290.72
Mrpl21,12.0,129907.83
Nt5c3l,34.68,149062.8
Emp2,53.13,74103.28
Cyfip1,33.67,154559.31
Lsm2,57.27,307014.73
Cdc123,43.7,199693.38
Actr1b,43.71,168128.44
Acaa2,11.45,154732.37
Fam98b,15.36,108477.7
Hn1l,28.02,77320.55
Ppat,16.89,82115.85
Csrp1,45.02,247305.31
Ndufb11,44.86,113164.64
Rae1,27.13,129327.28
Cops7b,10.58,128188.63
Arl3,15.15,174398.48
Derp6,32.37,61573.89
Commd9,12.7,145787.15
Gdi1,25.44,207937.93
Mrps16,24.45,65027.74
Pnn,36.5,117952.16
Sqstm1,189.75,116020.56
Thumpd1,22.02,172503.52
Znf593,10.15,78580.4
Bccip,29.17,103735.63
Dnajc19,11.16,110169.46
Wdr46,31.31,72030.41
Kpna6,11.65,120168.85
Mrpl4,22.88,130675.35
Nln,10.03,119933.72
Mrpl15,13.44,84150.1
Wdr43,37.1,117166.56
Fhl2,58.12,126191.57
Gstm5,22.34,215823.73
Eif2b4,16.9,100572.49
Mtx1,23.99,116318.67
Abcb1,23.95,97734.06
Hspb8,41.33,123093.96
Ppp1r14b,100.21,168233.31
Sh3kbp1,30.8,207347.17
Ak3l1,4.77,107707.31
Nudcd1,14.62,97336.28
Mettl11a,22.09,151881.59
Glt25d1,36.87,140110.82
Ndufv1,49.18,129252.33
Tmem111,26.46,125698.19
Mbd3,58.7,143758.63
Mrpl41,3.01,111441.91
Pelp1,20.89,117524.74
Vasp,27.9,147488.69
Txlna,22.47,74852.01
Armc10,6.83,88027.46
Prpf31,16.18,115911.77
Gnaq,8.37,150406.18
Srp19,21.42,124924.5
Inf2,42.73,107158.53
Gosr1,10.78,98619.05
Gde1,29.32,50068.38
Nub1,22.61,85282.61
nan,25.49,146277.88
Ddx47,32.03,137727.52
Myl9,37.66,229325.3
Timm17a,46.82,138996.93
Sparc,390.78,172771.31
Adk,10.93,85476.11
Rgs10,14.33,78118.03
Frg1,13.88,113179.86
Nat5,20.21,129609.72
Znf622,19.5,116662.79
Msrb3,18.71,89176.98
Cdk7,3.28,110449.14
Chd4,45.57,137499.59
Glod4,4.72,161257.06
Znhit2,17.92,50928.04
Bclaf1,15.38,84216.5
Ndufb9,154.25,98009.38
Lrpap1,11.64,134149.18
nan,4.37,27453.97
Utp23,6.72,50185.19
Hk2,15.91,137923.26
Otud6b,14.71,77961.27
Qki,16.43,97849.28
Polr2d,16.62,93697.94
Abcf1,58.32,137402.42
Dcun1d5,42.76,89893.39
Copb2,53.33,175666.08
Gtpbp1,33.55,119427.11
Letm1,19.51,96074.26
Mrpl1,3.68,101325.28
Pgm2,12.69,108270.99
Prkaa1,19.48,102953.24
Ftsj3,72.71,130105.62
Sdf2l1,22.71,115921.59
Mrpl46,16.79,90340.07
Clpx,9.95,67615.13
Prpf38a,16.62,119726.73
Uqcr10,150.83,298792.13
Pdxdc1,21.25,125256.73
Nop10,49.03,193503.85
Surf4,85.61,273943.78
Lypla2,19.06,109563.05
Atl3,10.96,134807.78
nan,12.29,83424.91
Dnm1l,16.94,148080.71
Ddx52,18.8,67081.87
Samhd1,12.44,133042.67
Nob1,34.53,79592.63
Ndufb7,53.47,99511.49
Mocs3,2.33,111641.42
Gpc4,40.97,164280.02
Gfm1,29.3,97199.5
Epb4.1l2,20.58,96260.7
Thoc7,30.54,80546.39
Rcn1,33.31,241949.46
Twf2,11.46,176520.57
Mcts1,13.75,115707.91
Yrdc,25.35,46199.19
Bet1,5.77,82151.61
Prpsap2,10.6,157466.21
Nudt16l1,13.79,110194.46
Slc25a13,10.38,117685.06
Lman1,17.52,139585.62
Sptlc1,12.45,68912.37
Pex14,13.28,62707.02
Hibadh,11.75,134866.58
Pon2,20.01,107628.18
Hmbs,10.24,135101.7
Xpnpep1,38.15,141633.8
Hibch,4.46,105817.0
Ppp1r2,5.64,60694.65
Tbc1d15,10.79,89869.7
Gorasp2,44.16,131398.32
Ndufs7,51.27,84128.78
Sr140,8.95,104441.55
Igf2bp2,15.66,110886.27
Ubqln1,45.54,167093.44
Ptpn11,36.26,74855.82
Luc7l,5.5,111120.69
Gba,35.83,100881.05
Robld3,38.55,110066.58
Xpo5,27.36,106114.35
1500003O22Rik,24.87,95160.36
Cdc5l,17.22,164631.99
Rnps1,15.19,152800.42
Ppp1r12a,19.78,93759.23
Mvk,11.42,115776.86
Ncapd2,34.76,111152.58
Kiaa0664,35.58,65384.43
Chmp5,22.81,128059.49
Pwp1,21.07,61879.2
Dusp3,4.24,46158.41
Ezr,19.1,212984.95
Anxa7,13.13,120803.82
Pmpca,34.25,137781.99
Snf8,38.53,102544.39
nan,17.46,128624.15
Flot1,8.45,86245.51
Dpm3,44.47,124833.05
Hint2,3.62,76094.8
Nubp2,24.47,84494.14
Dr1,11.11,148653.5
Mlkl,18.54,79813.29
Polr2c,11.78,96036.69
Snx2,12.45,99437.72
Acy1,9.13,99331.97
Pmpcb,35.14,97757.34
Serpinb9b,6.12,50144.58
Cdc73,12.33,101345.2
Nup37,13.89,112879.4
Nol11,24.42,82130.03
Rfk,12.51,88138.32
Dpysl3,15.53,101734.98
Zc3h15,41.76,115279.33
Ckap5,22.05,106089.84
Commd3,16.31,146101.87
Supt16h,20.66,88381.57
Isoc2a,3.99,110969.93
Cox6b1,173.54,175039.59
Grpa,9.04,138879.75
Sdcbp,34.21,121347.54
P4ha2,17.94,146782.34
Ctnnd1,36.73,173326.74
Cdc34,52.89,51112.47
Mrp63,5.12,81016.03
Alg5,20.49,99583.96
C330023M02Rik,26.05,111376.02
Mrps2,19.7,92732.31
Hcfc1,42.58,80794.59
Src,44.1,118883.85
Ubtf,36.51,118910.59
Trove2,5.36,99787.75
Pus1,31.88,87162.25
Tmem93,29.21,71708.3
Thoc6,10.86,110872.79
Ikbkap,16.87,74073.3
Nup205,26.43,97593.16
Arhgef2,45.83,123701.18
Mrpl22,33.21,73428.12
Mat2b,13.92,130436.95
Arl6,5.74,91961.67
Ufc1,42.85,144730.31
Pitrm1,25.91,115835.72
1810006K21Rik,77.09,106056.71
Grcc10,28.76,87692.18
Cdipt,28.69,134303.71
Apool,7.59,99051.95
Tmem214,27.31,92762.74
Atp6v1b2,18.18,162596.49
Mrpl24,25.19,62726.4
Mrps18b,43.59,41181.05
AI314180,23.91,114646.34
Prpf40a,24.85,92370.5
Ogdh,11.39,115568.88
Nolc1,43.25,94682.32
Gltp,24.46,82909.44
Gnas,96.29,100141.81
Mrps24,21.64,61985.97
Tor1b,20.05,106881.35
nan,10.59,62236.28
Tsc22d1,75.7,63589.31
Tsg101,14.34,121797.11
Msto1,41.45,118863.81
Zmat2,11.53,33791.03
Oxa1l,9.92,38972.17
Rab39b,4.27,84744.47
Slc39a7,74.09,48970.75
Ccdc44,4.97,54142.72
Irgm,11.94,191639.62
Col1a2,308.72,132157.2
Kif5b,18.0,107681.84
Cox7c,68.21,127426.69
Cnpy4,11.14,79831.55
Gmfb,14.62,152020.29
Hnrnpa2b1,108.63,124466.51
Rab8a,17.39,90676.5
Serpinb9,4.82,107394.39
Mettl1,11.58,90311.95
Ap1s1,82.38,102928.06
Cyp20a1,16.57,99978.67
Zmpste24,20.81,151391.77
Eea1,9.68,88231.0
Me2,14.7,79264.0
Ctnnbl1,10.42,77759.88
Dnajb4,6.89,134409.4
Maoa,5.83,99419.24
Mrpl33,72.55,97152.45
Dclk1,2.06,115992.78
Fmr1,17.41,86743.78
Cpne3,7.01,149300.74
Utp6,21.83,64769.74
Dnajc2,28.4,96150.99
Cstf1,25.91,101371.96
Cox7a2,92.01,132963.93
Snx1,16.59,92658.23
Yars2,13.31,79805.74
Sec23ip,13.38,103241.46
Pus7,17.49,73017.93
Ctsa,22.85,114164.08
Marcks,5.8,67328.07
Rwdd4a,8.6,108451.06
Kctd10,76.37,56814.12
Pole4,26.95,65647.11
Stau1,23.22,100329.71
Polr2g,60.05,101517.9
Dusp9,28.99,107071.22
Aatf,36.49,82255.14
Rab23,6.64,78746.95
nan,54.01,34646.93
Rbpms2,10.93,86813.13
Snrpc,48.77,101067.05
Mak16,28.54,108252.59
Agps,10.68,48516.18
Pdk3,15.91,82796.3
Bms1,23.64,52522.21
Ifi35,19.58,157397.31
Ubap2,34.03,71288.55
Uba3,27.99,129116.45
Isyna1,23.42,120135.72
Tcerg1,16.47,82581.82
Rcn3,41.95,209256.63
Golph3,38.95,141444.68
Med18,4.88,75485.81
Prkab1,19.03,80925.92
Ehd4,14.74,108242.78
Mrpl39,25.14,97304.1
Nrd1,26.0,96251.79
Atp6ap2,24.43,51448.96
Pgm2,14.48,129237.71
Opa1,13.11,60525.81
Vps24,19.83,90070.97
Nek7,15.56,84580.02
2810432D09Rik,15.36,101830.06
Dis3,21.62,77438.11
Myadm,73.72,128651.72
Tigar,4.16,77821.78
Mrpl3,28.77,61569.2
March5,13.82,52274.8
Nfu1,20.83,103952.93
Sec23b,18.15,156943.35
Myo1b,14.89,93765.23
Fam36a,12.83,44462.8
Cltb,14.27,48716.48
Prim2,17.45,98096.82
Myh10,27.17,97242.08
Ube2g2,34.89,42604.51
Rad21,75.4,101909.83
Cul1,42.52,116562.81
Smyd5,34.7,93464.84
Nfic,27.66,41710.74
Ncoa5,13.27,58842.12
Bcap29,10.39,40730.52
ORF11,16.45,85984.23
Uhrf1,52.48,56684.72
Mrpl16,22.95,58433.16
Snapin,13.04,53757.64
Eif2b3,16.03,82440.62
Sart3,23.36,67541.83
Hdgfrp3,10.13,87965.4
Tex264,30.04,29805.89
nan,86.44,87772.6
Rwdd1,23.64,127643.14
Mrps5,16.84,60102.77
Usp39,28.98,72173.41
Plekho2,36.72,66654.12
Prmt3,17.21,53975.38
Akr7a5,8.11,101641.52
Acin1,26.22,70041.31
Selt,38.57,79711.9
Tspo,135.92,202684.96
Ripk3,17.11,107040.9
Tmem167a,5.05,102741.65
4921506J03Rik,28.03,99652.82
Sltm,19.61,47929.12
Ca13,5.9,93596.72
Fbxo6,10.19,79141.73
Dck,9.04,50513.4
Slc16a1,21.18,80570.47
Cdkn2a,90.9,40622.87
Ubxn4,22.99,90714.23
Kif4,13.6,51884.31
Dnajc9,15.5,73243.08
Gemin7,28.4,59529.95
Raver1,29.04,83853.71
Cox17,33.85,57198.16
Lmnb2,12.63,58092.68
Clint1,27.57,67780.95
Lims1,11.38,96410.44
Nup85,48.13,75918.7
Prkacb,16.69,141249.59
Ndufa3,74.54,77260.32
Timm9,17.44,97610.16
Hagh,16.27,55278.66
Cul4b,13.93,93007.71
Asph,6.9,116531.02
Crkl,11.25,129276.86
Smarcb1,49.32,90612.04
Tjp1,21.68,92319.97
Acadsb,6.03,102803.62
Nol12,22.61,34324.8
Znf259,17.29,65281.71
Cdk9,10.8,60408.59
Vamp4,2.49,57588.57
Ppa2,15.28,81641.08
Polr2b,33.71,68655.31
Mtap1b,14.78,73904.48
Pttg1ip,118.37,54962.68
Mphosph10,18.98,87121.2
Pecr,4.62,66119.64
nan,9.17,105285.63
Xdh,41.43,106444.42
Ppp4r2,16.57,63595.46
Gltscr2,43.83,69312.53
Lhpp,7.87,52800.72
Atad2,30.0,38974.89
Bcl2l13,6.8,102444.1
Pla2g4a,19.64,142131.78
Pde6d,10.59,84230.86
Ppp3r1,21.44,127987.69
Plod3,37.31,124592.02
Nit2,6.85,104114.74
Zfr,34.4,42565.84
Actr10,6.12,78083.47
Ik,43.65,70310.85
Bgn,557.82,140872.7
Nmi,5.37,76697.98
Znrd1,19.14,26431.6
Cebpb,49.67,27258.97
M6prbp1,11.22,164530.59
Xrn2,30.82,94456.94
Exosc1,14.52,49474.69
Crlf3,14.6,78793.67
nan,2.86,51272.75
Casp6,10.73,111833.81
Ube2d2,10.44,34222.89
Exosc5,18.51,59860.44
Usp9x,46.54,82898.31
Apip,11.72,63793.84
Samm50,56.16,94148.97
Mrpl37,26.53,49244.03
Myo9a,2.4,68842.92
Yif1b,22.09,55238.64
Lamb1-1,88.91,93058.47
Fkbp7,11.39,79806.81
Ccar1,26.33,60050.37
Lnp,2.41,63118.05
Mff,21.37,38351.08
BC003885,23.53,107665.64
Ppp5c,33.48,82828.13
Ilkap,25.26,60603.05
Mrps15,25.86,57536.08
Anln,29.2,49773.49
Serpinb6b,6.51,51605.21
Ide,14.23,94255.97
Nomo1,53.64,62582.88
Stat6,25.48,42834.82
Atp6v1h,32.05,148277.61
Gatad2b,23.45,48461.15
Pawr,15.16,36486.73
Gabarap,74.08,94480.82
Mrpl50,11.41,50768.99
Rbms2,10.11,68598.8
Stam,10.94,55369.03
Cryzl1,11.19,75281.62
Vti1b,22.41,43418.41
FAM120A,57.81,60753.14
Ppp2r1b,11.15,87548.37
Ndrg1,12.57,102695.42
Comtd1,2.31,44491.51
Sec62,20.35,50222.5
Pqbp1,16.52,33360.48
Eif2b5,31.36,47102.24
Unc119b,16.31,68337.74
Mrps31,5.46,67967.8
Wdr5,24.06,72048.46
1700037H04Rik,32.57,72657.03
Supt6h,44.3,63641.87
nan,13.97,44056.16
Smarce1,17.69,68876.84
Eif4a2,41.42,42012.13
Med11,15.35,62506.57
Mdp1,4.34,68385.42
Mri1,5.8,38085.6
Ube2r2,22.62,65843.25
Krr1,8.13,61000.54
Fam136a,12.71,40949.68
Calu,163.61,95421.1
Aen,37.22,89935.12
Mrps22,16.44,86012.84
Mrpl40,16.47,64100.62
Tsr2,10.6,47011.46
Gss,13.13,217534.66
Abhd14b,4.86,89742.15
Chchd6,8.17,40091.08
Asl,11.6,86814.49
Spg21,23.86,78430.86
Gtf2b,22.96,83225.09
Amacr,3.25,73876.05
Ampd2,35.24,68107.38
Thoc3,18.87,59633.44
Plaa,11.3,63832.02
Map4k5,6.59,27966.63
Guk1,20.33,60442.05
Srxn1,37.79,53213.69
Ublcp1,4.28,52873.67
Ptgis,14.25,129724.51
Rbm12,13.45,61926.95
nan,5.19,50485.33
nan,14.43,42033.02
Mrpl48,14.38,53457.75
Pak1,15.11,69805.52
Atp6ap1,66.42,61177.27
Usp7,24.09,74332.33
Psmf1,7.84,69919.48
Cfdp1,35.79,60920.94
Stxbp3,8.95,36343.8
Cnih,36.05,5940.42
Mapre3,6.07,25313.79
Uba6,7.2,84585.35
Slk,16.7,57199.0
Armc1,11.48,60346.28
Ankfy1,18.03,72698.92
Hexim1,12.09,58978.05
Aqr,14.48,48729.55
Yipf4,9.88,57898.49
Kiaa0090,15.04,71786.33
Hn1,105.02,57917.97
L7rn6,15.74,85692.55
Mrps12,24.18,15558.22
Dhrs1,11.78,71886.46
Smek2,11.45,63534.44
Wdr3,29.69,44272.24
Derl1,36.59,125997.15
Lage3,12.68,19822.09
Sdc1,39.35,54531.4
Mrpl28,44.43,84861.36
Larp7,23.11,58564.74
Timm22,9.5,58624.74
Yme1l1,17.72,62819.74
Sec24b,23.03,85542.6
nan,8.42,31111.51
Sdf2,34.85,61297.5
Glmn,6.16,68217.76
Flii,20.76,49720.32
Pus10,6.54,24530.49
Isy1,29.96,51122.35
Utp15,8.86,68754.64
Scamp1,7.44,63581.07
Eri1,10.38,47485.68
Pop1,32.93,84461.25
nan,22.82,66366.97
Zcchc10,5.33,46657.46
Pcx,9.61,86622.21
Abi1,28.05,65639.16
Rbm17,33.02,62288.79
Freq,21.91,70804.0
Psap,302.74,108165.81
Prpf3,21.07,43938.21
Mecr,11.34,78499.59
Cirh1a,46.7,35860.25
Armc6,7.9,46945.39
Trappc6b,12.23,54072.86
Isg20,22.15,89003.9
Pola2,25.73,40695.03
Rabif,11.3,52312.06
Ddx19a,12.63,59168.47
Hs2st1,16.55,56787.92
2610027L16Rik,10.21,34710.44
Ncapg,13.08,71414.46
Ap1b1,16.14,118032.26
Mrps21,87.69,75217.53
Gapvd1,12.25,43633.64
Pds5a,22.12,39356.29
Sels,35.7,37989.42
Uqcrh,104.4,86984.18
H13,13.04,52673.35
Hbxip,29.49,59360.42
Snx27,14.45,53970.67
Nipsnap3a,8.54,70004.33
Sf3b4,49.52,107249.01
Ddrgk1,32.06,64713.32
Mrps11,18.9,28968.42
Vps36,22.72,54481.06
Ormdl3,11.64,22992.62
Ccdc53,10.72,65881.41
Adprh,16.81,99866.02
Csda,141.36,45139.12
Aco1,17.13,99103.14
Prkra,5.71,54728.86
Sumf2,14.61,71708.26
Rcn2,27.7,136965.86
Ccdc115,7.09,43931.32
Napg,3.14,34150.42
Nol6,21.19,49926.18
Slc30a7,13.66,69353.96
Sympk,29.28,54258.16
nan,17.47,23900.66
Rab11fip1,2.95,25515.4
Nudt9,27.51,77083.6
Rbm42,33.43,50013.77
Commd1,13.1,47325.23
Mrps27,13.0,68211.47
Ppme1,24.03,77804.25
Gins2,15.1,47212.24
Nup160,10.81,57635.61
Nup153,19.35,46944.85
Commd10,3.68,24907.56
Clip1,15.02,39384.4
Mrpl19,7.18,75650.57
Ranbp2,11.88,40645.36
Nxt1,21.21,62913.27
Igbp1,18.63,68070.03
Apmap,9.83,61977.78
Scrib,35.11,57628.74
Smchd1,11.75,58676.08
Cstf2,13.9,53786.67
Mrps10,5.95,53786.33
Fyn,6.3,49191.05
Usp47,38.15,61210.45
Ccdc43,9.76,58091.21
Smarca4,46.67,58457.3
Urod,17.52,81477.06
Ccdc56,8.07,42903.71
Tmem176a,90.35,36713.28
Epm2aip1,7.09,58384.15
Mark2,10.56,12663.61
Uck1,13.21,48911.17
Ptges2,11.51,72594.44
Stk3,9.92,61172.28
Rbm38,12.77,27929.21
Cebpz,19.34,43012.52
Rbm22,16.26,57765.55
Ndufab1,10.0,68333.55
Cwc22,88.54,42069.16
Nckap1,53.24,62624.54
Ing5,6.91,18808.84
Ndufb6,47.28,57675.74
Apobec3,16.23,62054.22
Gtl3,13.94,58705.35
Isca1,14.4,20906.25
Slc9a3r1,12.75,58994.94
Pdxp,8.53,34664.9
Dock7,14.4,52794.63
Wdr92,4.04,32461.3
Ncbp2,15.74,93753.23
Thoc2,10.97,50208.63
Cox6a1,256.12,73563.89
Ndufa7,66.39,39397.34
nan,17.22,57266.14
Smarcc2,18.34,61674.45
Srpr,45.38,61709.97
Gtf2i,22.1,48496.43
Mrpl45,17.94,50783.29
Ppif,11.02,69396.08
Isoc1,6.38,93104.69
Ddx42,21.87,61121.63
Csrp2,12.91,28297.13
Nxn,14.17,88379.38
Hdhd3,3.4,307239.63
Hmg20a,5.4,52996.32
Eefsec,6.1,68050.44
Nubp1,15.44,37918.49
Pak1ip1,26.74,33427.32
Pepd,14.13,61085.63
Acbd3,11.2,43583.21
Hells,22.32,53596.78
Vrk1,5.21,80853.29
Ttc1,15.46,63272.79
Magt1,16.7,43212.81
Bst2,74.61,97678.31
Glrx5,34.24,40594.54
Fcf1,51.6,27299.78
Mrpl51,12.55,42960.39
Mrpl44,9.66,64349.49
Phlda3,68.7,48951.86
Rab8b,8.02,38784.32
B2m,355.57,97644.98
Chaf1b,19.32,31521.72
Ugt1a6,11.13,90977.14
Ahsa2,12.89,33260.86
Chtf8,20.22,28016.27
Znf326,12.8,51535.01
Dak,8.62,49129.31
Peci,22.36,91246.24
Mnat1,6.09,69697.87
Slc25a20,6.45,45773.12
Strn3,16.62,50071.5
Pdrg1,46.65,41234.59
Nat11,12.21,41125.51
Cul3,33.26,58230.14
9030617O03Rik,8.01,45766.31
Hdhd2,4.84,49080.23
Abt1,4.57,46749.96
Nosip,12.93,61995.84
Fam98a,18.7,55883.84
Rnf2,8.06,37135.05
Cnot1,29.87,62613.26
Pdlim7,30.22,74419.81
Rexo4,13.81,17381.58
Bat2d1,28.78,27101.69
Wdr55,26.19,35182.79
Mrpl10,29.2,60413.54
Aamp,50.74,41733.68
Clpb,9.1,24902.75
Lancl1,4.14,66285.09
Esf1,13.97,26673.24
Fip1l1,24.37,51836.26
1110007C09Rik,26.33,39890.64
Rela,40.52,34688.89
Sccpdh,13.27,50153.36
Pcid2,15.09,57730.75
Inppl1,57.42,46181.36
Rad50,7.15,38858.55
Tbrg4,34.71,34938.26
Elp4,2.4,36144.84
Snap23,7.77,47635.13
Marcksl1,39.59,24939.18
Gsk3b,7.04,50105.06
Abhd12,17.39,59404.2
Tbl2,7.89,44619.74
Mrpl49,23.52,66637.6
Ndufa11,6.89,35088.41
Smndc1,16.72,47103.67
Lss,13.35,54963.36
Ptgr1,4.79,59348.42
Stx4,21.44,50203.71
Snrnp27,18.2,52928.32
Snap29,5.07,58057.9
Bin1,17.9,89265.27
Etfdh,15.3,37586.04
Smarcd2,15.55,33341.87
Nudt3,26.97,43731.97
Tmsb10,87.39,95806.53
nan,6.59,39181.65
Gng7,2.85,15308.43
Crtap,43.99,87105.23
Ptpn23,26.26,52470.01
Ccdc12,24.02,15611.03
Degs1,45.57,71951.6
Mki67,29.87,22110.58
Impact,15.65,53235.36
Nae1,10.56,74139.32
Mov10,13.36,86904.12
Tbl3,35.85,50861.78
Med20,9.75,44966.45
Tbcc,11.62,59866.63
Exosc6,13.16,26887.51
Acaca,15.41,56165.27
Gemin5,12.76,31792.16
Slc25a32,10.77,50192.23
Lpp,7.14,40855.15
Mogs,24.01,92797.62
Arf4,37.62,7990.01
Ercc6l,12.68,56456.16
Unc45a,15.26,69283.88
Sart1,16.99,40595.36
Map2k4,11.93,62876.11
Gbas,7.79,33910.01
Pop4,8.3,31974.44
Ogt,17.73,60670.24
Nup107,27.49,47589.51
Orc4l,5.04,45624.17
Lrrc20,3.52,24703.33
2900010J23Rik,93.93,34827.75
Grsf1,25.45,64470.86
Ap2a1,31.37,63566.06
Spc24,10.39,34322.97
Hmgcl,5.37,67894.79
Gfer,18.6,21663.96
Stim1,15.48,53361.32
nan,13.15,36698.32
Sdad1,23.48,28405.59
Smad3,20.62,67556.66
Ict1,29.13,52289.48
Map1s,17.6,49010.97
Tmem188,8.77,18441.72
Rpp38,6.67,48823.25
Polr1a,45.42,37634.96
Utp14a,14.1,34385.14
Man2a1,18.35,62821.9
Ndufb8,86.54,61891.82
Tapbp,105.02,99533.74
Top2b,11.13,43106.74
Mett10d,16.24,29183.04
Med30,22.76,37252.39
Lsg1,26.56,27795.68
Gcat,4.93,48602.69
Sept8,19.69,51819.82
Tor1aip1,12.82,72079.47
Polr2i,23.13,58840.54
Sco1,2.5,18227.98
Huwe1,37.09,33470.57
Nvl,11.43,40172.29
Mina,11.26,43205.74
Nradd,29.04,88241.2
Abcd3,11.88,62412.55
Tradd,7.56,65516.87
Tle3,8.74,75473.16
Tmem9,21.28,4464.09
Pmvk,7.95,64850.09
Mrpl17,14.1,47235.58
Mrps9,13.08,61450.39
Bnip1,6.55,30767.96
Crnkl1,7.99,40298.61
Creg1,15.44,64705.2
Akap8,25.19,32625.34
Bag3,24.06,63610.11
Tns3,43.1,32639.75
Ndnl2,19.92,48111.75
Rpp14,5.7,36086.37
Glg1,24.82,39149.84
Phldb2,34.9,46252.01
Arih1,13.37,32426.11
Tnfaip8,8.13,54383.85
Otud4,52.51,33868.14
nan,6.8,31099.18
Gnpnat1,5.85,71241.79
Ctr9,18.26,33663.7
Prpf38b,26.42,50012.51
Ddx49,19.98,33854.09
Galk2,12.27,44781.72
Nop14,36.64,46699.73
Ubr4,26.82,44564.31
Mettl13,11.49,40222.55
nan,18.58,28581.96
Txnl4a,8.51,36497.02
Sms,5.52,52755.01
Atp2b1,15.16,39099.66
Cpt2,5.41,33231.57
Fyttd1,10.62,28266.95
Ptpmt1,13.13,39471.1
Mllt4,20.48,40516.69
Rod1,10.14,60882.68
Gna13,13.24,105605.76
Ap1m1,26.16,54460.31
nan,7.31,12061.84
Plk1,38.99,63792.59
Slc7a5,40.08,47882.66
Saps3,21.59,46425.87
Ccdc127,9.7,19518.29
Las1l,19.67,50577.22
Dph5,8.93,61052.42
Sdhc,35.34,48281.18
Cetn2,13.01,33556.84
Nudcd3,20.29,60706.57
Col6a1,128.04,52183.38
Dnajc10,22.54,50980.24
Tmem120a,31.12,43293.88
Fam91a1,43.27,70245.31
Ankrd46,14.57,36538.78
Exosc2,33.35,36835.05
Cstf3,6.89,54300.29
Ppm1f,12.41,48206.17
Lsm14a,25.9,28151.61
Arl8a,17.62,43293.6
Txndc13,3.76,55806.73
Mgst2,9.29,41654.54
Utrn,7.35,38479.88
Alg2,10.48,77029.53
Snx4,16.6,61015.61
Dctn6,10.53,30864.31
Mrrf,6.54,39197.01
nan,7.03,46059.34
Fxc1,22.27,37175.12
Nat10,13.55,41775.42
Taf15,83.52,21193.23
Ptrh1,20.79,42427.08
Gabpa,10.45,47173.49
Fbxo2,13.56,112027.94
Ogfr,44.52,91328.78
Glrx2,3.65,25776.53
Trim3,15.33,22989.22
2310004N24Rik,13.28,37188.89
Sf3b5,38.89,86175.3
Wdr36,16.1,44195.05
Agfg1,16.57,32185.84
Klc1,30.83,43857.37
Anapc7,20.37,37635.21
Arfgap2,14.83,33832.18
Ergic3,60.79,22838.86
Nt5c3,9.36,39764.15
Dhx36,15.25,64243.16
Ddx24,36.45,46725.53
Pdia5,10.72,50657.98
Aarsd1,15.27,41095.45
Fkbp8,51.09,69912.12
Ndufs6,27.4,39018.6
Pola1,12.83,39204.51
Adfp,77.06,39039.87
Commd5,18.07,42984.32
Exosc8,31.77,29679.02
Abcf3,11.72,38393.43
Srpk1,30.47,56825.51
Eif1a,22.45,35378.98
Ppp1r10,12.83,20475.14
Aldh3a2,9.58,64546.57
Hrpap20,5.51,40697.65
Cdc42ep1,24.27,40302.32
Thoc1,6.17,46749.76
Nufip2,9.99,37831.5
Ap3b1,15.9,38965.88
Surf1,15.34,23909.64
Stt3a,73.84,90394.3
Ncaph,13.15,38229.44
Kif1b,7.83,49194.69
Sepsecs,3.58,20086.39
Nle1,16.54,22660.16
Htra2,37.19,83298.38
Faim,10.08,34896.08
Ccnh,9.42,33977.05
Gpsn2,35.2,43638.85
Dnajb12,28.87,29422.65
Utp20,15.71,47400.49
Dera,7.49,42548.62
Ifrd1,68.53,51979.76
Wasl,10.92,31918.06
Mrpl32,18.93,19319.02
Vps37b,25.45,44759.71
nan,49.8,27259.7
Serpinf1,210.03,45622.44
Rbm19,15.28,28067.33
Preb,15.68,41851.65
Acox1,12.99,23235.15
Eif2ak2,8.06,62718.58
Acsl5,27.52,35968.42
Spata5,17.22,47483.43
Dync1li2,13.66,55123.83
Tcof1,16.23,22425.01
Dhrs13,9.61,21428.49
RP23-392I13.10-001,13.14,61851.25
Cd3eap,16.91,12332.88
Ddx20,14.26,32002.77
Trmt6,20.05,48563.74
Rnmt,4.72,53438.92
Fam164a,5.31,25120.59
Rras,16.03,40419.24
Gmppa,17.33,49356.65
Pum1,16.08,29059.97
Maged1,164.2,53047.76
Rbm4,6.35,23276.01
Aup1,60.35,18931.23
Fam105b,27.54,37841.87
Nsmce1,34.91,51633.13
Med28,7.92,34510.13
Mrpl47,15.55,28733.22
Setd7,13.34,25741.41
Cpsf2,11.02,39088.35
Lrrfip1,20.27,26330.47
Elac2,16.71,45040.77
Capn1,18.16,50630.34
Wbp2,25.43,26242.57
Wdr68,26.86,53241.2
Cpd,15.58,28987.85
Parp3,13.77,36924.72
Ifi47,4.07,119754.5
Cbfb,22.79,43615.06
Edc3,9.33,29745.7
Aurkb,15.35,33899.85
Tmem85,45.34,58927.42
Son,42.67,32435.06
Pofut1,7.8,48131.36
Dusp12,12.2,21887.19
Akr1e1,4.78,29482.09
Hax1,54.4,29581.34
Hsd17b11,4.43,38314.57
Tatdn1,4.41,30252.39
Cnpy3,19.24,39696.46
Mlf2,93.65,18215.3
Asah1,17.84,66773.82
Bola1,3.67,15979.75
Mrpl2,25.16,21981.68
Cdkn2aipnl,11.09,27038.57
Specc1,35.87,33576.47
Ccnk,14.82,27820.32
Ptcd3,30.2,44279.39
Spc25,7.81,27546.36
Polr2a,69.24,37495.09
Wipi2,23.57,15587.06
Chmp2b,11.07,21053.09
Wbp11,32.38,34311.13
Ccnl1,23.46,26086.51
Adpgk,9.25,32131.98
Manbal,26.32,39474.14
Xab2,21.38,32970.64
Parp2,7.88,36359.09
Pik3r4,5.84,39086.75
Srfbp1,9.45,13633.03
Hs1bp3,5.86,41090.7
Cd109,21.15,48321.4
Mrpl30,53.08,20099.91
Acp6,8.31,26135.07
Aga,10.49,36447.61
Myst2,32.12,42709.27
Ubl5,12.69,51973.93
Cherp,24.58,37204.75
Exosc3,20.99,26935.24
Tbk1,13.67,6361.17
Psme4,19.49,28386.57
Eaf6,12.37,16220.86
Arfip2,14.03,31846.07
Myo1e,17.19,39914.85
Gnl2,31.13,45433.89
Crot,11.06,62069.1
Mcat,10.92,28865.57
Edc4,14.69,40157.98
Scd2,54.14,19820.62
Yeats4,14.15,14135.72
Med4,11.54,42587.02
Ubr2,11.24,20522.12
Pwp2,21.75,26458.35
Carm1,36.02,44473.63
Tmem199,17.85,9878.18
Pgm3,3.48,30161.05
Mpp6,28.33,30785.58
Ppie,19.72,43361.6
Tmem19,8.67,21160.05
Erap1,10.16,57492.48
Phf6,8.92,23198.25
Tprkb,12.8,41913.32
Pcyox1,16.37,57446.1
Xrcc6,27.21,30296.95
Bxdc5,25.35,28836.39
Srp9,7.55,53719.21
Sdccag1,12.12,22544.05
Ccbl2,4.59,39572.78
Lrp1,37.05,31570.55
Xpot,22.47,62011.0
2310005E10Rik,3.66,29167.08
Plscr3,13.04,26958.91
Stx5,17.64,46074.71
Stk39,6.87,14299.4
Muted,4.82,14456.94
Map7d1,41.77,23987.86
nan,2.26,34846.2
Ipo4,21.32,47181.55
Zc3hc1,16.42,22018.79
Ube2j1,14.28,40800.17
Tnks1bp1,28.67,37775.5
Toe1,14.25,43048.01
Pex11b,3.09,22678.02
Diablo,16.79,48943.74
Cno,9.07,25673.2
Prpf4b,15.43,44049.92
Trmt2a,14.84,22496.19
Nucb1,52.33,46822.77
Lnpep,5.22,40327.43
Dnttip2,33.5,40118.2
Kpna1,11.67,19356.5
Stk38,10.98,25119.51
Prkar2a,23.0,109933.08
Rock2,14.78,29903.26
Aadacl1,5.54,73545.69
Ppp2r5e,7.76,59460.06
Rhot1,9.11,26898.01
Epb41l3,16.49,34050.46
Cast,24.71,38201.19
Loh11cr2a,5.65,70712.58
Flot2,30.55,55467.2
Tsen34,20.12,47397.58
Ddx50,21.26,40223.34
Tmem55a,10.59,31524.88
Nip30,14.2,39059.21
Rap2c,9.6,39277.81
Taf10,70.4,5758.24
Pxn,19.56,23995.63
Ddx10,12.94,26877.28
Cdk5,8.67,41948.78
Acsl4,20.36,32209.81
Nupl1,12.89,32454.35
Nfs1,13.95,16165.85
Pigs,21.49,44286.02
Hddc2,16.06,39777.09
Polr1e,6.88,31899.67
Ist1,14.25,42140.96
Phldb1,34.86,18266.36
Trip12,22.73,41320.1
Uqcc,11.52,37596.33
Atxn2,11.78,15627.32
Ctbp2,25.09,48055.88
Gps2,25.39,8281.47
N6amt2,15.14,20770.37
Nmt2,18.52,18648.79
Ppp1r12b,2.47,19603.08
Nrm,4.36,12170.13
Tmed3,37.93,38089.92
2310014H01Rik,22.76,30721.82
Rps6ka1,9.21,28283.76
Cpped1,8.0,38605.74
Nr2f2,15.57,42715.33
Ube3a,11.32,47569.8
Rpp40,2.65,33484.84
Tex10,12.6,47729.78
Fam21,15.11,19836.81
Fnta,20.98,92355.18
Urm1,12.78,20476.39
Dnajc13,14.1,38006.36
Ddah2,6.56,31173.31
Rfc1,24.23,18768.76
Ddx51,8.6,12252.19
Kif11,10.1,23947.58
Fbxl15,7.77,30748.15
Rnf160,8.84,18075.08
Sec24c,17.67,30807.27
Birc6,13.47,24499.4
BC003266,13.03,17195.69
Cd2bp2,13.8,34625.86
Dab2,18.59,52008.85
Ap3m1,2.76,31213.05
Fads2,30.68,36038.4
Tmem103,5.91,28165.02
Lgals9,44.56,52099.74
nan,14.89,33239.43
Fam176b,22.99,32925.82
Diap1,7.33,17206.65
Sdc2,29.06,26054.71
Ktelc1,19.24,51924.77
Gga1,23.1,35023.73
Uap1,12.43,42147.68
Nup188,23.37,21932.36
Paip2,25.89,64271.47
Mre11a,10.12,35113.3
Ptp4a2,43.12,10056.36
Gtf2a2,14.78,24040.53
Afg3l2,15.49,26919.62
Dhrs7,9.78,28300.2
Cbr4,1.91,26346.0
Epha2,38.53,28943.1
D8Ertd738e,56.41,26505.63
Cpsf3,18.53,36975.41
Maff,15.35,25546.58
Dhx30,23.85,24517.48
Ap1g1,17.17,64909.95
Dnajc21,19.31,18930.64
Usp15,21.92,36091.55
Commd4,28.4,36213.22
Wdr74,36.64,20188.78
Traf4af1,9.15,10887.84
Rnaseh2a,12.58,23108.28
Stx7,4.87,31883.74
Cwf19l1,3.24,13116.5
Ndufaf1,4.55,7462.26
Ints3,21.76,38054.03
Exosc9,21.06,11152.35
Rap1a,20.79,42988.23
Dnajc24,7.48,27729.2
Gigyf2,7.88,24093.04
Spag9,12.46,21995.72
Rab24,14.5,27985.86
Tfb1m,1.64,12949.1
Ift20,26.3,32878.67
Rnpep,7.87,36155.91
Golm1,13.8,9914.46
nan,7.99,24603.71
Gnb4,21.98,25344.26
H6pd,14.25,47254.62
Impad1,19.24,42228.05
Mitd1,7.92,34938.1
Cstf2t,11.68,21887.15
Dnaja3,13.21,38490.86
Kiaa1524,13.19,17123.68
Pldn,5.68,42285.79
Golga3,11.0,17119.21
Timp1,170.06,32719.17
Cdca8,26.95,16669.09
Shcbp1,12.73,34306.02
Ifrd2,33.03,25335.95
Arhgef10l,12.15,19665.64
Hdac2,24.51,47619.72
Trappc4,24.64,32753.09
Ciao1,5.93,37932.23
Nup88,34.92,13525.69
Pvr,16.57,26940.99
Golgb1,5.84,19943.12
Fam125a,14.75,18885.82
Dfna5,12.09,33193.34
Rpe,8.0,40130.79
RP23-118A2.10-001,8.9,34208.67
Mon2,7.79,19677.57
Rasa3,32.25,33161.99
Dtd1,4.79,20699.72
Pdzd11,28.58,25072.19
Gins4,19.19,35319.03
Clasp1,10.7,24993.97
Taf9,67.67,29559.17
Ndrg3,16.77,45819.19
Crcp,17.13,32066.95
Pop5,29.8,13201.44
Soat1,16.83,48208.7
Gins3,4.94,30693.42
Mrpl34,13.16,15173.13
Ap3d1,19.96,27723.85
Gnl1,27.41,33815.59
Smg9,13.15,24779.99
Trip10,16.36,16145.4
Brcc3,3.69,34344.97
Zw10,13.59,30685.44
Mrpl38,26.02,36603.77
Mccc1,5.28,21183.7
Fam62a,8.43,32809.95
Ppil4,8.82,9442.22
Eed,23.56,23353.41
Pmf1,31.27,27601.14
Sec23a,6.67,48852.02
Tep1,1.37,29767.39
Strn,7.05,29858.54
Aak1,4.26,23931.96
Gsk3a,29.24,17476.83
Cd47,25.93,101949.42
Nt5dc2,41.03,57971.84
Smek1,10.32,32840.75
Hspbap1,2.09,12747.97
Romo1,44.43,31684.15
Eftud1,7.59,30178.49
Aldh7a1,6.71,48595.88
Gdpd1,4.09,18245.25
Erc1,5.35,21163.76
Paf1,26.51,31387.3
Prrx1,10.27,37176.68
Bag1,57.23,14002.72
Pogz,7.06,14253.94
Lsm10,10.92,13776.03
Myo18a,13.8,30411.59
Pxdn,39.56,30980.99
Use1,16.49,14956.47
Dhx37,14.38,19579.25
Nt5c2,5.14,41628.0
Rab3gap1,12.0,18458.14
Cul5,7.77,35279.89
nan,2.67,18999.62
Lactb2,3.16,19517.58
Pcdh7,57.02,28094.78
Alcam,14.77,60735.72
Ddx58,16.12,58020.67
Higd2a,23.15,15173.16
Rabl3,2.6,20577.94
Ripk2,27.98,24473.33
Krtcap2,155.21,36963.5
Np60,26.01,21326.26
Shc1,40.95,36731.64
Necap1,10.68,21160.03
Rprd1a,4.75,29064.28
Sdccag10,7.28,12501.67
Ccdc90b,3.89,35780.1
nan,3.82,22024.31
BC027231,10.06,12362.08
Wnk1,30.03,16745.75
Ube2e3,21.35,34226.61
Inpp1,3.05,39618.57
Trmt1,21.16,21280.58
Ubxn7,3.49,25343.56
Atpaf2,5.62,17425.2
Noc3l,8.32,22118.35
Pde12,4.67,12798.15
nan,24.52,28245.3
Commd8,6.67,27194.59
Srrm1,29.47,21138.87
Coq4,4.62,11770.34
Dctn5,31.81,35529.47
Nipa1,5.69,26980.71
Nol10,20.43,18582.43
Jagn1,17.23,31126.14
Ube4b,17.66,27236.0
Nt5dc3,9.01,28028.58
Ddx31,6.19,19074.08
Pter,2.23,14723.16
Gtf2e1,5.77,25340.99
Tor1a,15.13,18608.99
Ercc4,1.77,5462.51
Ncam1,6.55,24883.51
Mpdu1,24.5,39565.46
Eif4e2,27.73,39315.98
Stambp,5.35,26684.63
Pacs1,8.82,20233.65
Gtf2f1,39.76,25035.73
Wdr70,17.56,15221.64
Sh3pxd2b,9.41,9234.86
Mdm2,2599.59,31157.09
Kti12,18.32,12395.22
Pin1l,2.43,26334.59
Gbf1,13.32,24739.08
Pop7,15.5,28014.65
Chac2,2.04,17405.11
Ldlr,19.49,14289.94
Polb,7.27,14884.87
Akt1,85.72,37060.73
Pnkp,6.89,16901.19
Gmpr2,8.16,20009.44
Bicd2,12.86,13703.14
Cobll1,9.08,11388.59
Scyl1,31.51,21407.06
Hnrnpul1,48.03,29188.98
Bcl2l15,3.31,2274.59
Ttc33,9.3,29765.62
Ptpn1,11.24,36103.19
Rabepk,8.74,14871.91
Timeless,13.28,12538.78
Alg13,4.15,20734.84
Fam3a,9.37,15211.04
Kbp,12.9,17545.32
Ppcs,5.83,28098.54
Rbm27,5.85,16246.79
Surf6,11.98,41095.02
ORF19,8.23,23354.32
Rin1,35.31,43116.19
Rnaseh2c,43.84,16257.51
Tcirg1,36.68,38019.92
Znf638,8.32,12275.8
nan,96.62,19931.66
Nqo2,2.98,38290.21
Hspa2,1.53,9642.09
Tpm2,52.11,28762.94
Nme4,11.01,19069.35
Slc25a30,14.14,17361.36
D10Ertd641e,38.29,19470.9
Cd2ap,9.92,21491.41
Rbbp5,8.05,20078.37
Ankrd17,22.19,21081.91
Stam2,8.02,19940.07
Plbd2,15.23,23265.33
Cst3,341.56,42861.22
Ewsr1,100.15,47361.18
Cobra1,16.85,20860.71
Sip1,6.99,15695.01
Plod1,21.79,44686.73
Rps6kb1,11.43,10039.92
Hspa13,9.63,15837.84
Scyl2,9.49,30859.1
Nab2,20.16,30026.43
Polrmt,9.43,13462.44
Pkn2,17.99,27897.37
Ccna2,52.75,21380.96
Zc3hav1,19.07,27804.16
Kntc1,7.13,5722.14
Acy3,4.69,33206.96
Edrf1,2.73,11872.35
Cdc23,10.55,21627.01
Uprt,5.83,13579.91
Fam83h,18.37,12776.24
nan,21.36,36815.81
Med17,8.46,7263.24
Tmem160,13.78,19816.67
Trappc1,32.43,26074.46
Prkci,14.73,21176.77
Stom,8.68,29004.43
Med8,15.93,16330.35
Fhod1,11.58,19969.42
Pcbp4,36.32,25695.28
Ppp1r11,25.99,12775.09
Nfkb2,53.49,11494.89
Cdc16,29.97,23644.82
Acbd6,17.2,21266.64
Ncstn,20.95,35434.05
Gtf2a1,2.48,23616.38
Orc2l,18.13,14567.96
Nr3c1,10.45,13270.5
Smad2,11.38,14248.73
Med16,8.04,8193.66
Sin3a,13.0,18039.95
Cbwd1,6.18,46076.06
Urb1,6.12,15019.44
Chaf1a,28.16,15617.2
Twsg1,17.16,21872.12
Rabac1,36.58,34783.4
Nsun4,4.35,8869.08
Rab4b,8.78,19313.81
Ubl7,15.19,29068.19
Abhd1,18.38,19231.95
Sap30,5.78,3807.43
Dbn1,8.52,22249.42
Rad54l,7.33,5670.84
Smap1,14.82,19813.0
Stag1,10.36,10676.81
Rad51,16.92,22917.22
Dip2a,10.27,4339.16
Tusc3,24.2,11149.3
Nup214,9.54,22593.89
nan,7.44,27858.19
Fkbp5,12.89,18147.07
Abr,43.09,31734.2
0610009B22Rik,5.74,27808.17
Ebag9,10.82,15092.0
Ggps1,4.99,16844.04
Kdelc1,9.56,19157.64
Rg9mtd2,3.8,16868.97
Elp3,15.91,14546.08
nan,11.51,14052.66
Gk,3.59,13162.52
Vamp5,8.49,34826.6
Atpbd4,7.58,9257.09
Tmem126b,5.04,13826.87
Dmap1,14.25,10325.01
Dbr1,11.76,17061.92
Upf2,7.44,13311.62
Ccs,14.83,22986.02
Bat2,62.52,16253.96
Golga7,23.39,14700.25
Wasf2,17.14,33368.7
2410002F23Rik,35.91,32135.3
Lrrc57,2.7,20279.16
Pbk,8.57,18399.81
Cand2,7.63,23367.09
Dlg1,23.76,26511.86
Serbp1,69.72,9217.4
Apaf1,3.6,11146.87
Klf13,11.99,15060.53
Sntb2,5.43,22889.95
Serhl,20.94,20307.44
Ncdn,12.1,24826.99
Ddi2,15.85,22559.62
Mavs,7.89,17596.48
Sept6,6.46,32340.66
Trim16,8.2,21905.26
Pcyt1a,9.88,27900.83
Kif23,23.99,20289.18
Sfrs4,25.23,16805.68
Dapk3,27.25,22949.89
Uba5,9.5,39367.69
Dhx8,16.1,17238.85
Tom1l2,10.76,19726.73
Ttc39b,13.21,21943.68
Golim4,23.57,19593.3
Stx17,2.76,12191.84
Ampd3,12.05,36177.12
Prc1,33.21,14244.57
Adat3,5.06,6885.13
Abhd10,2.82,16087.07
Slc12a2,13.5,15031.66
Osbp,14.09,27604.76
Ypel5,2.84,13169.02
S100a13,6.35,34240.25
Pum2,25.22,17993.95
Sptlc2,15.8,23117.69
Aes,46.11,8129.54
Cttnbp2nl,7.1,1968.63
Ddx41,20.33,16365.65
Hip1r,15.94,8599.67
Yif1a,26.32,16168.66
Plcd3,8.72,20283.55
Polr3h,30.83,9617.67
Pftk1,27.1,29277.83
Stx18,10.81,16378.39
Csl,11.32,22305.22
nan,2.32,21424.22
Micall2,14.52,12250.59
Iqgap3,10.17,7769.84
Atl2,10.1,20229.92
Ubxn6,12.81,16699.81
Rabgap1,7.89,9669.54
nan,3.16,21472.84
Fdx1,11.62,18834.96
Thoc5,16.83,21163.92
Pkp4,14.41,14702.79
Rasa1,13.1,23273.3
Ilvbl,12.14,21534.94
Gys1,14.92,39183.84
Dctpp1,39.0,12308.82
Gatad2a,19.23,10236.01
Ctsz,26.69,18218.01
Stat1,5.74,72642.66
Clld6,5.08,17326.36
Cep170,15.38,14115.33
Suz12,17.21,18735.39
Gng5,81.27,29394.37
Dnm1,22.75,26635.6
Pld3,16.08,18749.22
Necap2,11.42,22465.97
2010011I20Rik,1.67,17772.33
Ythdc1,19.07,16367.11
Ddx54,28.3,14868.36
Fbxo28,5.74,19988.68
Brd4,24.21,10874.17
Map1a,8.89,10530.71
Rab22a,17.2,22399.3
Fxn,9.99,24330.65
Mrps18a,38.21,12610.22
Gm71,10.58,14754.61
Znrf2,8.57,5791.43
Prrx2,46.69,4091.86
Trim33,7.82,16136.53
Gpn3,19.79,17885.41
Saal1,3.09,28323.03
Stx6,12.93,17758.06
Fbxo22,15.12,20379.25
Bloc1s2,18.24,13977.55
Chka,21.02,41220.93
Elavl2,1.23,24031.12
Wdhd1,8.4,10728.28
Cd14,13.69,20289.41
Plod2,9.26,41803.96
Hars2,5.43,12382.71
Fndc3b,26.35,19991.13
Fam40a,19.0,18324.67
Ppil2,18.66,8158.08
Clip2,16.04,13923.98
Fam32a,11.83,11364.05
Echdc3,3.39,12301.48
Aasdhppt,7.21,19744.29
Senp3,39.38,7552.59
Ube3c,20.96,18779.36
Timm10,24.52,19551.2
Sorbs3,5.8,22100.84
Usp19,24.69,10436.74
Impa2,6.15,12374.23
Agtpbp1,5.39,30409.62
Lamc1,35.94,37437.4
Snap47,16.39,14370.63
Mrpl54,35.98,13115.92
Lrrc8d,42.15,19030.27
Sh3bp1,15.67,17128.07
Nhlrc2,7.17,11754.44
nan,11.95,12204.68
Prune,6.17,33216.87
F3,53.29,35694.79
Tmem49,56.46,42045.75
Rbm15,9.18,13631.86
Fnbp4,12.68,10036.53
Pold2,27.89,23571.26
Grlf1,25.42,11912.94
Tor3a,6.75,32980.67
Usp4,30.42,20450.07
Thumpd3,8.13,13671.1
Pold1,18.28,12177.6
Ep300,17.21,9284.08
Kctd5,11.47,22017.88
Rnmtl1,6.8,10048.28
Papola,26.72,17877.37
Zc3hav1l,2.24,18827.79
Kdelr1,39.07,42546.57
Qsk,13.88,13122.13
Ephb4,12.4,3555.27
Hspb11,5.31,20622.17
Pla2g12a,21.61,7567.94
Kif3c,6.17,21586.07
Osbpl3,12.28,20929.58
Pnpt1,8.11,14305.25
Lmo7,7.32,16484.88
Kdm2a,20.79,17165.6
Rmi1,3.57,18284.17
Chd1,11.12,14360.99
Mkl1,38.21,5272.34
Pex19,8.94,9007.79
Rbbp9,4.2,31627.51
Trip6,36.22,8169.88
Prmt6,14.51,20843.31
Zfpl1,16.69,14443.57
Tmem48,21.29,16498.27
Tmem55b,21.29,7184.38
Smpd4,11.42,19350.35
nan,3.0,19620.02
Kiaa0196,43.52,20266.43
Plp2,108.59,24786.92
Git1,30.97,21735.02
Aifm2,4.64,9396.47
Arfgap3,12.65,21807.01
Polr3b,8.59,14885.56
BC005624,18.39,7446.92
Pppde2,26.76,23423.85
Unc84a,18.71,14686.99
Lrwd1,19.82,5822.99
Hip1,10.2,10672.88
Pdhx,7.48,20092.63
Erlin1,16.31,30300.61
Exoc3,7.92,8144.43
Med23,6.4,11779.76
Rbms1,36.91,35202.64
Eps15,8.19,23622.74
Wrb,6.51,4292.67
Filip1l,23.48,15267.48
Vps37c,11.62,12381.01
nan,15.36,7537.4
Alkbh3,18.44,24156.29
Cdk5rap3,12.04,24197.64
Tmem14c,31.48,31363.56
Rbm6,11.6,6998.06
Fads3,27.63,8360.82
Sc4mol,16.03,25299.47
Mepce,13.95,8790.99
Maged2,22.93,25871.75
Shoc2,8.74,9394.81
Ccdc22,6.3,11540.21
Lsmd1,41.88,14472.58
Kiaa1033,7.35,17812.96
Rps6ka2,9.66,1972.36
Pisd,19.08,11871.83
Rhob,28.87,13049.59
Nudt1,12.62,6046.18
Pcbp3,14.56,25586.45
Txndc15,21.65,14371.94
Ptplad1,18.35,26804.08
Tmem173,9.62,31391.67
Serpine1,98.76,8993.17
Leo1,13.94,15593.89
Pdcd2,15.42,16012.8
Steap1,68.34,24097.26
Dhx33,12.09,5341.67
Tfip11,24.97,12081.49
Med31,5.83,17128.41
Nisch,47.78,18205.54
Rbm10,17.61,18634.54
Cenpk,2.64,21077.93
E330016A19Rik,6.02,14342.54
nan,5.13,6833.5
Itga11,43.76,10987.0
Rad1,9.03,6252.0
Cdh2,21.22,21366.1
Ppig,9.32,12340.14
Nucb2,7.93,29883.51
Dctd,12.6,14445.06
Taok1,10.52,11972.77
Supv3l1,14.78,13007.76
Cnot3,27.75,23010.8
Irf2bp1,10.2,6494.72
Iscu,24.68,7909.17
Mdn1,8.32,11830.42
Dpf2,25.28,18745.32
Ascc3,4.53,25286.13
Btaf1,9.56,12598.86
Pdlim2,15.58,11210.77
Nsmce2,18.98,21031.13
Smad4,14.44,8419.54
Ptgfrn,25.2,16354.4
Slc27a1,14.24,10613.38
Wtap,11.26,19421.25
Lsm14b,22.6,23189.53
Sbno2,13.42,16330.29
Itgav,23.07,18269.64
Gns,28.85,17570.77
1600027N09Rik,7.05,19151.51
Glul,9.21,7538.15
Prcc,25.42,5046.55
Tmem50b,8.14,17237.21
Cdc27,15.5,18677.66
Smn1,32.54,9975.86
Atp13a1,22.76,16956.2
Isg20l2,18.61,16194.21
Rai14,11.33,14245.31
Palld,7.67,18450.88
Nin,4.47,6826.18
Arhgap5,12.9,10865.86
Safb2,18.59,7415.68
Setd3,13.5,11567.92
Asf1a,4.82,17508.84
Ahctf1,19.23,9252.12
Whsc2,15.68,7295.43
Htatip2,6.13,18731.78
Cdc42se2,12.05,9530.48
Extl2,8.47,11832.09
Wdr73,10.73,3431.58
Akap1,21.42,11757.87
Foxk1,9.59,9988.22
Ube2l6,9.47,18453.56
Smyd3,4.0,16906.97
Hectd1,17.78,16071.28
Rab30,4.4,11135.11
Ints12,7.35,3228.96
nan,9.82,13079.73
Ankmy2,6.59,17875.04
Tsg118,18.17,4477.67
Sbno1,10.74,6298.26
Rtf1,10.53,14987.37
Prdx6,67.37,10339.89
Rpia,3.92,15498.84
Wbscr22,19.7,23378.64
Ttc4,10.13,2599.44
Pcyox1l,2.42,19052.31
Slc6a6,46.38,21556.33
Lias,13.41,6503.79
Rabep2,6.14,13530.2
Cp,30.0,10564.99
Tusc1,3.95,8387.68
Tmx2,13.79,29764.28
Rdh13,7.39,4622.82
1810046J19Rik,28.13,17510.3
Rnf20,14.65,9017.91
Hscb,2.93,1226.58
Taf12,10.3,15031.3
Ctdspl2,5.03,5380.63
Ripk1,7.17,14833.57
Rbm16,16.76,13043.8
Chmp1b1,4.52,32405.97
Gamt,5.38,17466.1
Haus4,6.63,7626.1
Rictor,11.63,10267.08
Slc25a17,33.77,28073.45
Kiaa0776,3.05,25370.85
Sfrs15,10.16,3733.6
Cask,4.85,17448.5
Sec11c,10.51,7789.25
Bcs1l,4.86,21093.05
Plscr2,21.77,10450.41
Cnot7,9.39,22115.31
Tceb3,12.24,5815.93
Pbrm1,9.96,15380.75
Mtmr6,6.83,14498.34
Strn4,19.41,9794.14
Parp12,11.3,10593.93
Ffr,10.73,6067.39
Tjp2,6.07,10402.91
Aof2,25.71,22949.41
Kif2c,13.28,10556.76
Atrx,12.83,9822.94
Crat,9.36,8514.49
Eps8,23.2,11505.23
Tmem41b,4.87,9402.62
Ppp1r9b,21.19,10262.64
Pex5,16.05,15997.29
Tfdp1,76.71,9876.72
Cnot8,13.5,27701.07
Trmt5,5.9,18798.91
Tada1l,9.75,7055.46
Larp5,13.79,14593.6
D2Wsu81e,11.52,7820.8
Cdc42bpa,10.02,7036.87
Cars2,10.36,8608.91
Ptpn2,2.33,11768.11
nan,10.13,15425.56
Syf2,15.58,6580.92
Naf1,8.74,14965.08
Camk1,10.82,13993.66
Zc3h18,14.33,11037.32
Pdss1,8.53,14059.34
Heatr2,7.91,12881.2
Kcmf1,30.0,34391.3
D1Bwg0212e,8.43,21424.55
Fam63a,18.16,7677.49
Ctdp1,17.35,10909.65
Copg2,6.64,29764.83
RP23-144K18.5-001,3.07,7763.85
Phax,11.39,10662.89
N6amt1,3.02,3644.83
Sap30bp,14.28,12440.02
Thyn1,22.53,7620.74
Med27,9.99,10944.31
Znf280c,5.5,8204.85
Echdc1,5.52,24693.22
Ptk2,33.31,17751.96
Cpsf1,31.44,11081.51
Timm17b,5.33,21071.29
Rab28,12.62,7040.81
Cirbp,5.27,2587.79
Tarsl2,6.69,17010.64
Ap1s2,2.51,5941.51
Wrnip1,19.49,4140.95
Ddx55,5.87,11403.19
Rsrc2,17.33,1994.76
Sec63,5.99,13724.06
Rbm7,11.29,13873.29
nan,2.86,12863.75
Asb6,18.23,10637.98
Lancl2,5.72,17374.34
Coq7,23.06,4080.36
Ccdc25,5.67,5738.23
Copz2,9.22,21752.0
Dnajc25,7.01,7223.53
RMI2,1.29,4157.34
Nkrf,5.38,10832.89
Smc5,14.56,10748.97
Sec61a2,20.58,10098.31
Chek1,5.83,9371.01
Cby1,13.06,5852.78
Zcchc9,9.5,4013.94
Syap1,9.69,21860.38
Fam82a2,8.2,9498.56
Lama5,45.75,8944.75
Yy1,22.05,7644.19
Casp8,8.21,20056.02
Tmem165,28.86,2204.39
Map2k7,19.99,4922.5
Scfd2,4.05,17654.83
2810408M09Rik,6.54,4607.58
Tmpo,28.73,13067.42
Dctn4,9.58,10067.87
Xrcc4,3.3,12907.39
Acp1,2.5,21795.59
Vps33a,12.49,6471.43
Cbara1,28.16,6015.35
Sra1,17.28,22635.91
Vps4a,11.84,11669.49
Ssbp3,13.84,15654.05
Wdr26,16.89,14925.07
Hnrnpc,32.88,33996.33
Arhgef7,18.46,20979.99
Ankrd57,3.26,12942.44
Coasy,6.73,16808.39
5730494N06Rik,3.19,12806.94
Mphosph6,9.7,16187.61
Ifi30,31.89,19486.47
Bcl2l1,19.88,25868.48
Smarcad1,8.41,13704.29
Zc3h4,9.9,6840.89
Ash2l,35.04,8705.31
Agpat1,21.65,11022.51
Tsku,25.44,2686.35
Ufsp2,10.38,15261.95
Haus2,7.77,23895.86
Fam82b,1.03,11455.26
Dnajc17,4.89,6069.75
Ppwd1,5.23,15603.0
Vcpip1,7.17,7045.1
Ece2,16.7,5461.7
Ercc1,38.11,12450.43
Pigt,16.97,10658.52
Rbm45,10.91,3382.39
Gpn1,19.28,15303.66
Gpatch8,8.81,2733.55
Ube2g1,8.94,29040.59
Golga2,11.05,11039.98
Kiaa1468,3.79,7464.63
Gphn,6.01,16387.21
D10Wsu102e,19.32,12256.01
nan,13.59,8153.76
Laptm4a,86.63,16650.31
Alkbh5,15.07,12709.11
Adnp,15.5,5563.94
Becn1,27.17,3680.35
Tubgcp3,14.67,14559.92
nan,38.07,8198.42
Klhl9,7.95,3463.29
Tpx2,24.3,10537.35
Nsun5,16.14,9380.18
Rnaseh2b,4.09,10518.53
Haus5,8.03,7599.27
Dhx38,13.85,9791.95
Phactr4,13.69,7554.13
Mfsd10,30.38,28447.78
Incenp,35.64,4071.72
Usp10,14.79,10542.98
Ccdc93,4.68,4035.27
Pcbd2,5.75,7653.18
Rpusd4,9.5,4115.45
Gprc5a,29.54,29285.16
Topbp1,32.63,5850.53
Sec24a,4.01,15351.8
Rsf1,3.24,7939.67
Mgmt,8.43,23283.09
Itgb5,59.88,6007.81
Mettl10,7.61,12915.5
Fnbp1l,17.89,25135.19
Wdr75,22.57,12699.46
Kdelc2,5.81,19520.76
Patl1,14.77,15802.8
Orc3l,4.49,7437.46
Vps45,2.98,10177.8
Opa3,14.19,16705.54
Bre,7.43,22586.7
Tm9sf3,26.82,26704.97
Pdcl,5.55,13009.27
Gemin4,10.57,14681.93
Ptpn12,20.7,9513.64
Nsmce4a,25.0,19584.14
Vti1a,4.12,4464.03
Skiv2l,10.34,8997.43
Fam54b,16.89,10420.52
Med6,14.22,5537.81
Ppp4r1,24.65,14451.28
Ncapd3,8.64,3639.83
Htatsf1,9.76,12267.23
Elovl1,28.0,24016.23
Enah,13.47,9303.69
Jup,27.89,14143.4
Trio,16.03,7928.83
Pofut2,28.45,11692.74
Diaph3,13.12,6302.62
Csnk1e,23.97,11283.17
Bloc1s3,2.72,4781.64
Epb41l1,24.9,7665.86
Ubr5,42.56,9769.74
Oxr1,21.43,10900.62
Pitpnb,42.2,3601.7
Cyr61,255.68,6026.35
Slc12a7,14.28,7692.19
Endod1,7.06,13428.62
Hdgfrp2,24.42,12051.36
Gak,26.51,9731.74
Tor2a,10.58,7840.89
Ifi204,9.11,27266.96
Rprd2,5.56,5159.84
Kif1c,18.5,6940.19
nan,4.71,13637.94
Pacsin3,5.83,8936.17
Ca5b,7.7,8381.56
Rrp1b,8.62,3786.6
Rnf11,36.62,9395.64
Nit1,7.94,14625.17
2410001C21Rik,20.58,10447.51
Hus1,4.22,4827.07
Nmd3,28.34,8114.51
Qrich1,25.54,17676.6
Myo5a,11.37,11251.4
Nat2,1.91,19198.99
Fam133b,17.58,7545.95
Obfc1,13.61,17593.13
Spg20,8.2,9469.07
Akt1s1,28.31,18632.17
Tubgcp4,13.44,6483.03
Rabl4,15.74,12670.08
Vrk2,5.37,8652.92
Nf1,8.7,4330.03
Ate1,6.18,9932.05
Zc3h11a,21.7,9221.76
Mif4gd,8.55,9332.2
Rint1,5.13,10688.36
Eif2c2,19.68,10004.8
Lemd2,15.83,3282.14
Ehmt2,32.42,782.23
Solo,12.68,7664.61
Mgat2,20.02,12888.69
Nom1,14.23,7876.07
Ttc37,6.44,6859.89
Fdxr,3.35,7830.21
Adrbk1,27.82,1129.15
Herc4,10.64,19817.3
Plxna1,63.55,8453.94
nan,50.86,29201.41
1810030O07Rik,8.87,12487.16
Pip4k2b,11.85,11442.3
Polr1b,19.67,9409.47
Brwd2,6.88,10486.86
Mms19,13.18,15110.63
Zmat3,11.96,7467.09
Anapc4,27.87,15456.31
Tgfb1i1,20.97,23085.42
Ube2f,20.59,6148.26
Nrf1,9.79,6476.22
2510012J08Rik,23.22,9037.12
Erbb2ip,19.52,9867.76
Acbd5,8.08,5105.12
Slc25a40,3.92,12177.46
Git2,10.16,6548.16
Trim32,10.29,11625.42
Wiz,13.61,5536.15
Haus1,6.03,18797.45
Cnot2,23.02,12893.29
Luzp1,14.12,7899.31
Pom121,24.69,2512.89
Mccc2,6.36,11398.27
Tmem65,8.16,12045.43
Thg1l,8.15,4422.42
Tead1,25.93,7397.24
Ccnc,3.31,8014.29
Plec1,119.56,11062.86
Mapkapk2,48.33,13566.83
Unc5b,84.18,3167.53
Phc2,35.95,11312.91
Mtmr2,23.94,7704.73
Exosc10,36.99,5748.04
Phip,6.4,2314.68
Gclc,17.12,11478.54
Acad8,3.82,7975.97
Med19,10.42,5214.26
Apob48r,11.03,8212.38
Dpp7,11.48,12169.67
Rab43,10.03,23240.49
Ssna1,26.33,1953.04
Heatr5a,12.12,11744.7
Rars2,6.09,11532.66
Fam173a,11.88,21444.5
Mad1l1,19.49,4412.66
Dhx32,8.55,5836.44
Man1b1,17.89,6043.73
Ppp1r13l,3.53,1407.62
Reep3,17.63,3117.73
Ccdc101,13.24,9277.7
Lgals8,20.0,7563.36
Cox15,3.51,10241.15
Ankrd12,1.72,9178.19
nan,9.3,6056.1
Slc4a1ap,9.82,5814.8
1110037F02Rik,8.69,5809.74
Rbm33,8.44,2663.82
Znf22,2.38,2871.3
Fcho2,5.2,11120.39
Coq5,7.48,4964.99
Mad2l1bp,3.99,8948.52
Vamp2,7.43,6278.51
Fam44b,19.45,9550.16
Cdc42bpb,18.8,7501.45
Parvb,24.32,15191.16
Thtpa,4.01,6717.5
Ube2q1,14.18,11302.87
Rab33b,4.51,10718.53
Arfgef2,7.2,8859.16
Gins1,9.0,9081.99
Ccdc75,4.24,15230.8
Pcnt,9.59,4820.32
Stat3,13.63,18066.77
Osbpl9,12.66,10013.74
nan,6.81,6800.43
Mapkap1,10.86,7860.55
Gtf2h4,7.97,5084.79
Cul4a,26.77,8220.94
Rp2,3.51,12959.12
Tapbpl,10.01,10689.87
Ubqln4,24.95,12582.04
Mrps18c,38.62,9220.06
Ogfod1,4.63,5678.29
Wdr33,5.68,2720.26
Ltv1,11.69,9685.2
Ppm1a,19.01,12782.63
Mettl2,12.37,5116.51
C330002I19Rik,9.45,4384.3
Cep55,7.55,8099.85
Wdr37,3.59,10408.81
Prkcd,18.45,8598.79
Rnf114,10.04,5055.96
Upf3b,8.49,5347.52
Morc2a,17.81,5311.16
Dguok,6.03,6219.61
Elmo2,8.01,6623.39
Steap3,9.46,7628.89
Nsbp1,6.78,4414.69
Akap2,19.15,7869.19
Heatr6,8.19,8714.46
1810020D17Rik,4.5,4623.81
Uchl5ip,17.52,5791.94
Smtn,20.84,8556.01
Spin1,21.22,6608.34
Irgq,3.51,7618.14
6330577E15Rik,31.31,12120.24
Itch,6.73,4799.08
Ube2t,5.2,9556.47
Mettl9,28.38,7653.82
Palm2,1.94,5362.5
Keap1,16.18,3384.35
Zc3h14,22.79,2975.99
Pak3,4.58,4244.38
Rnf40,18.06,5564.57
Znf330,16.96,6256.66
Epn1,38.09,8566.08
Ints1,24.27,5043.6
Homer3,20.11,12535.34
Smpd2,5.24,7657.05
Faf1,8.26,9307.53
Itpr3,24.26,9341.39
Xrcc5,5.04,7587.55
Armc8,4.75,4200.37
Anapc1,21.44,7334.45
Adat2,3.01,5588.5
Qtrtd1,10.63,1385.61
Dus3l,12.79,7129.41
Anapc2,18.2,9653.87
Dph2,8.91,7434.33
Psen1,17.73,7269.04
Mid1ip1,14.65,3008.58
Prkcbp1,13.46,4870.92
Orc5l,6.58,9454.29
Igfbp7,93.32,4900.48
Arsb,15.46,11648.3
Znf828,11.97,5871.29
Bckdha,7.31,5013.91
Rock1,5.54,4637.79
Wars2,3.33,5567.31
Kif1b,5.7,4951.7
nan,3.1,3445.49
Lpcat1,15.75,9665.0
Alkbh6,7.7,8253.93
Mfn1,11.51,7284.26
Exoc4,14.68,9627.53
Slc7a6os,15.42,5713.49
Upp1,10.58,7907.08
Lemd3,4.02,4900.9
Ints5,20.85,6521.26
Gulp1,1.56,5182.16
Grk6,36.89,1203.38
Smg5,43.73,7175.26
Fam111a,19.89,8114.95
Gusb,26.84,8221.76
Ttl,5.57,4819.83
AU022252,2.78,11783.53
Nme7,8.34,5918.3
Cept1,9.64,11108.89
Id1,49.68,3077.45
Gstz1,3.88,11182.17
Kif22,15.78,5038.43
Rif1,9.93,4796.51
Akirin2,16.79,4454.77
Agpat9,4.2,3886.11
Rdh14,5.09,7222.07
Gnao1,3.55,7655.97
Tagap1,9.32,920.29
Cugbp2,2.83,2519.6
Nol8,7.81,5404.42
Exoc1,9.29,7371.89
Plcg1,13.84,4970.66
Wbp4,4.59,6012.08
Arhgap10,13.11,4424.96
Bub1b,21.8,1629.74
Cox11,6.1,7437.67
Unc84b,40.82,3035.38
Rnf121,19.14,6696.53
nan,15.71,3129.5
Usp8,13.07,3771.99
Map4k4,52.76,6719.06
Tardbp,20.89,5078.22
Gtf3c4,11.16,7244.4
Exoc2,6.08,12979.35
Clptm1,24.52,6684.59
Ncor2,27.43,7312.2
Sc65,30.57,12678.75
Man1a2,10.75,8966.65
Saps1,37.1,6859.53
Egfr,7.81,8465.56
Ldlrap1,10.34,10341.12
Tjap1,27.6,3549.93
Slc16a13,52.38,5809.13
Xpnpep3,4.6,9317.64
Tram1,9.31,11185.45
Rngtt,3.61,7134.8
Rps6ka3,7.71,4475.07
Akap9,6.45,5593.15
Heatr5b,6.87,5553.03
nan,8.93,3581.13
Cyld,8.91,5870.93
Cytsa,11.26,4562.36
Kiaa2013,22.59,2240.57
Tgoln2,23.15,4683.99
Kiaa0907,21.47,4023.34
Slc25a33,9.88,1547.96
Kin,6.14,4397.94
Zbtb7a,9.02,4854.52
Kri1,16.94,2911.27
Oxnad1,3.23,25099.14
Pten,10.85,8207.7
Orc1l,5.13,4929.22
Hspa12b,5.5,5877.74
Sec16a,10.7,3942.81
Med22,22.93,20797.16
Slc39a11,12.41,9301.51
Col6a2,71.79,9449.44
Clk1,18.41,7193.35
Bcar1,22.98,7143.7
Mcm3ap,14.89,4204.78
Gtf2h2,8.34,5781.46
Adarb1,9.07,5436.2
Map6,17.07,4699.92
Cul2,6.71,8018.04
Dusp14,9.76,6213.29
Fbxo4,3.47,2966.95
Gtf2h3,6.51,5340.18
Efha1,7.55,8124.68
Adam10,26.1,7081.13
Parp10,23.89,8073.3
Lpcat4,20.76,6000.76
Ptcd2,12.82,1707.11
Gbp4,5.69,20369.66
Cdkn2aip,2.51,4929.28
Cdc40,5.95,5336.38
D330001F17Rik,12.9,5382.08
Ctcf,16.11,4664.68
Ubn2,2.89,4001.18
Mapk9,6.24,10104.18
Slc29a1,43.42,3949.33
Gcfc,10.63,5187.79
Ccdc94,6.94,3985.34
Vps53,10.08,5286.56
Ptplb,5.54,10967.06
Stk16,15.8,6394.89
Hook3,2.46,8866.01
Nfkb1,31.33,9752.76
Mphosph1,6.35,3664.84
Kank2,12.31,6964.01
Fzr1,26.55,3386.9
Snx24,3.19,10105.55
Ascc1,9.23,8764.66
Ermp1,5.36,14448.65
Mut,4.83,5035.0
Xrn1,4.75,5514.67
Pex16,6.07,6770.66
Klhl22,29.87,4062.66
Agl,4.69,1966.8
Slc1a4,13.13,12710.2
Arhgap17,8.89,5954.84
Tmem59,50.18,4866.55
BC037112,9.35,1957.36
Gpkow,4.18,6717.73
Polr3c,25.42,1263.2
Shq1,9.03,4358.89
Lgtn,11.04,11656.33
Riok1,12.48,4336.32
Mtfr1,18.69,2488.41
Wapal,15.16,2420.85
Mafk,11.2,2502.52
Cul7,11.42,5080.53
Orc6l,19.22,1908.49
Sikea,4.98,1743.32
Rbm5,14.08,10270.59
Mboat7,11.56,9375.9
1110004E09Rik,12.77,5413.03
Twistnb,10.3,7054.86
Triobp,10.81,5117.35
Anapc5,67.76,7480.37
Yap1,26.73,8259.87
Arih2,13.28,5015.35
Ppm1l,9.07,15558.85
DSCC1,8.82,6188.85
Rbmx,11.15,4293.24
Ahcyl2,4.08,2550.48
Ctage5,19.8,9447.78
Morc3,13.19,3769.57
nan,21.56,4023.38
Ftsjd2,20.24,8378.49
Col5a1,54.26,9055.59
Atg16l1,11.84,2046.76
Ttc27,10.2,11394.42
Caskin2,7.6,6362.65
Mapk8ip3,14.31,1081.3
Ehmt1,9.68,2306.23
Aer61,11.46,6402.75
Trip11,4.15,5433.12
Coq9,7.45,4067.58
Rps6ka4,26.94,5371.76
Sqrdl,2.87,5071.02
Tulp3,9.13,1724.75
nan,9.53,10583.65
Coil,4.03,6933.86
Cux1,7.6,4246.74
BC059842,3.36,3471.74
Ranbp9,15.9,7668.5
Znf148,5.54,1621.66
Diaph2,3.62,5493.33
Ube2q2,7.93,6142.85
Setdb1,22.13,2889.11
Ccdc9,10.88,6125.81
Ube2cbp,3.72,2100.3
Tspan6,8.9,13894.38
Fundc1,6.55,10974.32
nan,1.93,6036.67
Dapp1,5.17,3352.26
Dpp9,20.34,6936.61
Vps33b,4.67,4117.49
Fpgs,13.76,6014.62
Mrpl55,7.24,8260.69
Golph3l,5.03,4659.88
Map2k6,7.02,15389.23
Arhgef1,12.35,6819.79
Col4a3bp,7.39,5106.65
Rg9mtd1,11.7,7135.24
Fermt2,17.18,13404.2
Clasp2,6.14,1215.54
Lypla3,6.07,4644.8
Riok2,14.2,3195.1
Fam160a2,8.57,4637.31
Kct2,43.67,10659.09
Mvd,4.72,11951.67
Pccb,5.27,4365.39
Zyg11b,4.63,1505.9
Wasf1,4.02,2721.01
nan,18.65,5796.38
Dscr3,10.09,4022.96
Syne2,4.29,3347.36
Isca2,8.05,5386.18
Med15,22.69,5859.37
Rufy3,1.5,2757.82
Mprip,49.7,3235.05
Ccdc55,8.84,5720.37
Rdbp,22.89,3557.96
Procr,19.04,27837.39
nan,4.24,3946.91
Gbe1,5.47,6749.31
Chmp7,7.97,5367.5
Ndc80,7.87,5874.01
Usp24,9.9,4379.15
Ccdc90a,5.96,3863.86
Tap1,6.44,15702.62
Sgk269,22.61,5890.21
4933421E11Rik,5.13,3113.27
Mtmr10,8.77,5621.86
Tnpo2,23.71,8720.7
Nup98,26.97,4127.29
Appbp2,24.07,1363.76
Myo6,1.31,640.06
Uaca,20.4,3903.71
Rabep1,14.53,6613.4
Tmtc3,7.49,7695.46
Nfib,9.11,7103.53
2700097O09Rik,4.3,6012.52
Trex1,9.59,8012.23
Mgea5,25.14,14301.28
Vps13a,4.86,5071.66
nan,9.61,7751.8
MNCb-4931,17.51,1267.4
Surf2,19.67,5458.68
Mis12,16.77,5590.95
Abcb7,4.96,5159.32
Camk2g,8.18,10719.56
Tbrg1,68.74,5398.06
Abcc1,39.99,5857.97
Phf14,4.19,3674.63
Commd6,6.97,7390.89
Zc3h7b,31.81,7095.15
Rtkn,9.19,1746.52
Trappc2l,15.41,8194.99
Gtf3c5,11.17,3542.8
Gne,3.22,5238.65
nan,11.86,2448.43
Fut8,17.97,4467.56
Tbl1xr1,4.02,3403.45
RP23-263M10.5,3.71,2028.18
Gipc1,9.35,8286.02
Dhps,10.16,3859.14
Pcf11,4.8,1414.23
Zmym4,6.43,1509.85
Glce,16.52,4061.54
Fam118a,11.06,6263.59
Klc2,7.91,1619.03
2410091C18Rik,5.04,5560.65
Agpat4,13.02,5078.67
Bcr,17.24,3542.51
Sardh,16.49,5270.38
Zwilch,5.62,2821.03
Ckap2,16.29,3943.33
Exoc5,8.39,5606.17
Rabgef1,10.46,7367.94
Dvl2,15.16,7648.07
nan,14.24,5096.59
Galnt10,27.01,4480.29
Haus3,12.61,5088.3
Cc2d1a,14.08,6633.64
Tln2,5.98,6129.63
Mcart1,9.71,4672.47
Atm,6.94,4343.86
Ppap2b,11.32,9532.66
Znf771,13.68,1630.15
Xpo4,9.54,5143.04
Zmym2,3.05,5005.96
Kdelr3,39.92,22883.75
Skp2,14.47,3401.5
Fryl,5.72,5431.14
Atg7,5.8,6758.34
Mak10,16.14,2533.61
Pigx,8.91,3137.19
G6pc3,3.28,5435.67
Htt,7.6,5067.54
Camlg,11.18,6166.53
Smc6,12.88,6125.78
Hectd3,4.09,3126.77
Ncoa3,6.97,2314.56
Appl1,3.28,4855.76
Eif4g1,152.93,4955.76
Actr6,2.49,3036.29
Clcc1,8.26,4066.57
Katna1,8.87,4544.97
Gcc1,4.07,2036.57
Tbc1d23,5.75,3006.19
Trim65,4.06,1078.4
Dhcr24,27.37,11288.48
Tpbg,11.77,10672.92
Sept10,12.03,4133.47
Mmp14,27.89,5613.77
Gtlf3b,5.16,8511.42
Pik3r1,9.51,5893.49
Plcb3,9.5,5231.46
Slc35b1,40.79,4702.35
Ccdc51,1.53,4615.64
Mtif2,5.41,2496.86
Znhit6,11.21,4004.45
Casp7,3.72,6345.93
Vps13c,2.89,3810.81
Smg1,14.31,4254.26
Add1,16.59,7391.11
Akr1c12,10.24,7752.14
Hdac6,5.48,3014.04
Ubp1,16.96,6961.69
Usp3,13.1,5991.98
Ttk,9.71,2181.85
Ly75,7.15,2689.49
Bmcc1,8.08,3216.68
Fez2,61.4,6880.97
Flad1,8.6,9263.36
Lrrc8c,17.7,6515.48
Spast,4.54,2522.92
Ptk7,10.18,4340.37
Pip5k1a,20.47,4440.1
Mkln1,13.71,3789.1
Kirrel,50.38,6692.39
Lrig1,39.02,1957.88
Dda1,13.38,4688.7
Txnrd3,5.14,2143.88
Nipbl,16.11,4523.86
Pvrl2,7.06,5750.82
Fkbp14,3.53,1122.65
Epn2,10.6,9234.35
2610029I01Rik,3.87,3877.91
Polr3g,4.26,5128.81
Acp2,8.68,7733.94
Tbce,8.03,5351.83
Traf1,12.13,1398.13
Strbp,1.27,4317.47
Qsox2,3.59,7982.67
Dock1,8.5,3840.88
Kdm5c,33.19,3120.7
Fars2,3.92,4905.04
Epb4.1,8.05,1742.19
Ccdc92,12.76,1622.03
Gng10,31.49,3117.83
Arhgap28,7.75,4518.63
Vprbp,8.59,4159.8
Chuk,13.36,5775.62
Lrrfip1,12.85,3801.31
Ppp1r12c,16.39,4309.38
Arpp19,15.69,3242.95
Stk4,6.47,3878.71
Agfg2,5.84,2525.13
Znf830,4.42,4327.3
Fto,14.26,9640.64
Klc4,2.77,2211.63
Lrrk1,25.53,7773.37
Arap1,5.69,2870.15
Foxf2,26.82,11729.38
Mtr,7.83,2933.46
Nme6,13.27,4086.03
Lman2l,5.8,3673.22
Mdc1,8.88,2134.88
Rab13,11.19,4464.79
Ppp2r5c,18.97,10559.7
Fanci,6.33,3252.62
Sqle,34.89,5871.82
Eya3,6.78,4512.51
Nab1,11.94,3425.99
Ecsit,11.05,4173.07
Mettl6,9.86,2745.27
Iah1,8.39,8442.59
Lcp1,2.69,8632.23
Atp7a,3.76,1841.72
Mkl2,4.07,409.05
Pik3c2a,6.99,3742.17
Col4a1,99.75,4127.64
Rabggta,3.71,3717.53
Dhx16,13.35,5168.56
Smg6,7.16,1731.89
Mrc2,13.74,4092.48
Eps15l1,10.28,4219.73
Efr3a,23.36,1407.04
Hsd17b7,2.87,5880.15
Smg8,10.78,2778.29
Fibp,23.09,1931.22
Slc27a4,11.15,5707.47
Chst14,10.14,1216.53
nan,4.09,2389.4
Rbbp6,14.29,1652.64
Dpcd,6.14,8046.93
Slc35b2,20.54,2889.61
Crkrs,9.02,2399.69
nan,4.22,17964.6
Atg4b,10.89,11165.36
1110032A13Rik,12.99,3762.7
Top3b,11.28,3257.18
Sfrs8,16.23,2086.73
Fam107b,6.08,1140.74
Snx17,29.48,2161.57
2700007P21Rik,10.51,3717.88
Med7,6.13,8616.07
Trp53bp1,7.96,3627.67
Rapgef6,6.98,2608.96
Ppt1,16.28,12765.51
Gga2,8.81,3703.22
Hsd17b8,2.69,1820.38
Acsl3,4.77,6363.41
Man2b2,11.76,4470.8
Rpap1,7.51,1977.26
Kif20a,24.43,1915.09
Vps13d,3.17,1814.89
Osbpl11,5.05,4762.89
Trim25,15.24,3652.72
nan,4.39,3768.32
Wdr44,1.59,2424.67
Mapre2,7.63,3676.1
Reps1,11.79,2065.51
Osbpl8,4.73,4322.28
Arid1a,11.97,2482.94
Dtx3l,3.09,9932.49
Znf687,10.73,448.81
Gcc2,3.05,4420.18
Rnasen,44.66,999.76
Rrn3,24.19,1764.92
Herc1,4.36,1042.3
Kif3a,4.63,2439.7
Sestd1,17.75,4336.54
Gemin6,10.52,4942.29
Irs2,14.18,2008.11
Nudt8,12.61,4499.1
Glb1,10.57,7930.91
Stx16,8.68,2484.68
Scaf1,20.29,3503.9
Cyp4f16,10.8,6306.99
Pdss2,2.3,3468.22
Kiaa0564,4.04,1768.21
Gpsm1,4.31,4505.62
nan,8.59,2080.13
Znf512,6.94,1977.38
Wdr42a,11.41,1997.14
Cog7,6.3,1967.88
Nde1,24.27,7068.03
Nek6,9.01,2676.96
Pi4kb,14.38,2777.51
Tdp1,7.47,1248.18
Chtf18,12.09,3858.69
Foxp1,25.6,3349.44
Sphk2,5.23,2048.23
Hspg2,51.08,4190.94
Elmod2,1.9,1586.85
Cd74,26.19,3687.8
Mfn2,21.22,3523.52
Fusip1,32.07,3348.23
nan,13.12,7331.86
Dido1,17.88,4773.14
Aktip,3.75,2006.22
D14Abb1e,1.62,2042.0
Ctf1,2.33,2469.35
Atp6v0a2,14.62,4746.45
Tfb2m,8.62,2746.81
Ankle2,9.08,2381.8
Setd1a,16.09,1888.09
RP23-392P11.1,7.5,1398.54
Frmd8,14.55,3489.78
Lrba,2.95,2773.6
Vezf1,19.53,738.28
Lrrfip2,9.72,1540.72
Col4a2,89.11,3006.24
Pml,8.61,7462.28
Palm,14.32,3433.58
Ftsj1,2.73,7815.7
Fam118b,8.98,2652.77
Sipa1l3,13.9,1714.12
Fem1b,12.33,1583.1
Zcchc8,7.51,3062.47
Axl,129.78,3829.88
Lrch2,2.76,3076.98
1110002N22Rik,4.6,3627.73
Dlgap5,5.01,3098.11
Spag5,14.18,1044.84
Pigu,12.39,3089.6
2310028O11Rik,14.05,7744.88
D1Ertd622e,10.28,1705.12
Aurka,23.47,941.99
Pold3,8.22,3709.35
1190002N15Rik,5.66,2693.94
Sos1,3.94,668.13
Kiaa1797,3.28,3139.29
Arhgef18,9.61,2732.56
Bptf,15.35,1412.28
Cc2d1b,9.57,2804.6
Synj2,21.6,1143.89
Ntan1,15.4,1730.07
Ehbp1,3.15,1810.24
Mnt,6.99,3486.19
Ehbp1l1,31.68,2868.23
Dcp1a,3.53,3088.19
Clk3,12.71,4767.63
Sap130,10.37,1306.51
St5,13.44,3786.09
Ivns1abp,37.31,755.5
Phf23,24.01,2225.72
Phf2,8.57,1804.6
Mtmr1,5.39,2922.96
Rufy2,4.86,3814.73
Melk,9.23,2913.1
Ttf2,8.37,3607.87
Ascc2,15.74,3043.62
Pptc7,10.01,849.03
Trim59,16.77,2516.3
Chd8,8.67,1873.96
Vps11,17.32,705.56
Fam76b,3.74,2855.71
Rnpc3,2.58,2848.57
Fkbp15,5.06,1007.54
A230054D04Rik,8.52,501.27
Tbc1d10a,9.43,1456.71
X99384,4.91,5676.95
Nacc1,34.31,1183.81
Brd3,10.38,2788.14
Dab2ip,7.41,3266.36
Amotl2,59.65,546.25
Tex2,7.56,3410.29
Usp48,11.19,1542.83
Trim26,9.03,2642.45
Ecm1,65.06,4138.73
Casc3,18.34,1418.38
Ddx11,8.15,897.69
Fastkd5,5.48,2024.21
Avl9,4.79,2125.34
Ifi202,15.76,17031.37
Ska3,4.83,6953.96
Phka1,5.71,1988.33
Pde4dip,7.27,1283.94
Kif14,1.5,6317.52
nan,13.22,7718.21
Polr3a,6.45,1679.3
Atp5j,79.03,8769.29
Taf4a,5.27,2645.59
Tbc1d4,3.21,2479.32
Lrrc16a,5.92,2766.31
Sh3pxd2a,20.61,1265.49
Ccdc88a,4.16,3356.53
Ints6,2.01,2590.59
Col5a2,57.1,3321.51
Ctu2,19.15,1975.59
Iws1,3.09,3807.43
Pi4ka,6.65,1691.54
Ankrd49,6.34,2565.92
Nedd4l,3.62,3701.49
3110043O21Rik,7.81,3081.25
Ankrd13a,25.74,2102.85
Mpp5,5.58,1437.55
Med13,8.01,1714.81
Farsb,29.67,1217.64
Cinp,12.36,914.22
Ifit1,3.03,28484.58
Unc119,16.02,1580.67
Wdr79,9.02,1220.13
Syvn1,16.99,2233.18
Pdpk1,7.8,4044.35
Dennd4c,4.78,2236.06
Kif18b,17.34,312.01
Dnajc1,6.63,2801.03
Lrch3,6.36,1696.59
Rasa4,17.65,844.99
Kifap3,8.79,1922.33
Galnt7,8.09,1383.81
Tars2,9.89,2437.49
Itsn1,1.99,1119.28
Sec22a,2.27,2375.09
Ppef1,9.85,3068.36
Zfp91,17.05,2415.1
Recql4,13.62,1893.4
Rpusd2,2.03,2413.78
Arid1b,3.47,791.7
Lrrc41,18.93,1114.97
Fblim1,22.07,6558.63
Fbxl18,5.86,890.07
Arhgef17,14.3,1400.16
4933425L03Rik,5.14,2238.79
Bmp2k,4.96,1598.42
Elovl5,21.77,7033.12
4930453N24Rik,20.44,2704.74
Fbxo21,12.17,5385.76
Etv6,6.16,2228.79
Slc4a7,5.12,2012.36
Vps52,13.64,2775.68
Tbc1d17,5.63,3349.38
Pnpla6,5.2,954.51
Scrn2,1.55,1359.62
Gtf3c1,17.24,1328.46
Mterfd1,9.15,2475.32
Rfx1,5.96,2247.71
Kiaa0930,23.06,878.12
Med24,16.52,4663.05
Ogdhl,2.91,2669.12
Vps16,13.58,3576.51
Sipa1l1,13.67,3913.32
Auh,4.0,4043.84
Map3k7,11.87,829.18
Fbxl8,2.13,1376.6
Amfr,31.93,2228.88
Tcf20,23.93,433.97
Zzef1,9.89,2898.02
Med1,12.4,624.36
Cog6,6.78,3700.92
Arhgef12,9.7,1758.45
Pi4k2a,9.67,3725.69
Aebp1,107.56,2291.41
Cacna2d1,5.85,3206.42
Zfx,8.75,2105.68
Pias1,4.84,933.75
Hdac4,6.03,2994.17
Bat2l,24.03,8934.69
Dicer1,7.3,2178.28
Hdac3,22.92,4926.06
Apbb1ip,13.1,9399.89
Tbc1d1,9.11,2024.26
Sdhd,47.31,5969.7
Ect2,13.18,2689.12
Dna2,3.57,411.64
Golga1,5.03,251.24
Trip4,2.2,1279.3
Tut1,11.8,321.66
nan,20.37,3666.11
Pcm1,8.49,2079.7
Sel1l,12.01,4512.97
Akt2,19.13,4325.83
Syde1,21.84,2244.27
Whsc1,29.69,332.13
Rbl1,5.77,1150.17
Rilpl1,5.03,2824.69
Vps18,6.68,582.7
Col7a1,23.86,439.47
Gopc,3.91,1204.01
Tlr2,11.35,2847.51
Setd2,20.01,420.09
0610011L14Rik,7.91,5688.35
Ints10,9.94,1475.28
Ints8,8.15,1011.93
Gtf2h1,17.86,2248.29
Sh3bp4,14.9,306.28
Pole,14.39,996.5
Araf,14.13,3702.58
6230416J20Rik,9.86,1841.96
Ints4,16.6,1824.97
Smcr8,10.16,1542.31
Acad11,3.12,1813.58
Ibtk,7.87,918.44
Ears2,5.67,1252.22
Mbd2,15.23,3449.68
Ube4a,5.62,1071.5
Ints2,8.11,20883.39
Rab11fip5,12.21,911.92
Srgap2,4.33,4604.59
Frap1,6.47,3715.76
Macrod1,1.88,1370.88
Eml1,29.64,1218.69
Rasal2,4.38,1204.78
Iqcb1,5.43,2190.78
Kiaa0892,8.78,3223.34
Tbc1d5,3.39,1600.89
Chm,3.36,2304.76
Gtf3c3,6.69,1308.79
Ankrd28,13.48,1089.83
Fam73b,9.88,1687.39
Mical2,29.3,1739.18
Mus81,10.37,1677.02
Ank2,2.86,1913.92
Micall1,14.55,1674.6
Gna12,29.19,1577.34
Slain2,12.82,1491.27
Yeats2,7.37,508.17
Brap,14.66,781.69
Exoc6b,8.2,3427.0
Ephb2,10.76,1550.25
Dok1,26.71,4576.49
Mtm1,1.08,455.01
Tsen2,4.35,1636.79
Ankhd1,5.77,1510.96
Arhgef11,8.08,2533.09
Slc44a2,17.64,2672.09
Cdan1,3.23,4008.84
Wdfy3,7.63,1052.35
Rapgef1,18.12,1676.71
Ubr1,4.85,2010.71
Smg7,14.41,754.53
Fbln2,101.56,463.47
nan,13.91,697.28
Phf10,29.18,1622.1
Ppp1r13b,5.7,1258.61
Nckipsd,6.13,1503.05
Th1l,19.64,5246.49
Med12,11.9,1226.59
Arfgef1,12.69,1708.15
Chd3,5.4,304.55
Rcor1,8.5,3233.25
Nedd1,5.84,912.4
Igf2r,2.47,3621.45
Slc12a9,5.27,2103.98
Ccdc132,9.04,1532.29
Cdh11,18.76,2490.56
Parp4,2.69,1704.9
Lig3,5.4,1156.4
Vac14,8.18,2220.9
Gfm2,5.33,999.8
Notch2,43.23,1749.77
Nav3,4.56,2298.25
Optn,9.19,883.96
Man1a1,4.55,735.23
Stk10,6.05,571.0
Gtf2h5,24.9,1482.02
Vps41,13.73,75.6
Slc12a4,18.08,1909.54
Tyw1,11.67,1682.51
Zc3h13,5.84,551.15
Ttc19,7.49,1662.08
Ptpn9,17.03,3585.84
Angptl2,50.37,1539.96
Cdk5rap2,7.92,714.47
Glt8d1,5.89,2169.37
Usp40,6.76,317.47
Ccny,11.37,1231.29
Acyp2,2.97,3786.95
Ell,7.5,1498.71
Dock11,4.6,2075.21
Herc2,10.23,1211.08
Cbl,6.7,194.0
Raf1,29.53,1957.12
Hexb,8.51,3148.69
Ptpra,21.46,1528.16
Cdkn2c,7.81,4356.05
AA881470,3.96,1342.68
Pak4,9.44,969.26
Nfat5,16.12,1673.93
Aim1,4.54,1987.49
Ap1gbp1,3.71,782.53
Cog5,4.44,3415.91
Plekhg3,9.54,284.01
Mtmr3,8.26,597.14
Ezh2,30.02,2155.55
Apbb2,16.12,1712.36
Wdtc1,15.9,1640.43
Plau,56.74,1737.6
Tax1bp1,34.74,6836.29
Pdzd8,9.19,488.05
Srgap3,8.72,2225.12
Tlk2,8.27,1607.1
Dgcr8,12.11,590.66
Dpy19l1,29.6,514.72
Psrc1,12.15,1286.37
Nek9,11.77,802.63
Atf7ip,9.64,472.85
Jmy,4.44,582.75
Mink1,30.58,1240.38
Znf598,20.05,658.28
Tbc1d10b,11.81,1214.13
Mrpl52,35.25,849.88
Gle1,17.16,397.53
Ssfa2,8.94,735.04
Tbc1d9b,8.33,859.58
Klhl11,11.48,1500.86
Xpo6,28.5,1871.91
Stat5a,4.27,2513.49
Alkbh8,5.58,887.16
Lphn2,12.29,813.17
Erbb2,14.9,1142.22
Ankrd52,22.69,1303.02
Trim24,11.4,657.35
Samd4a,6.71,2841.85
Tmf1,7.08,1118.66
nan,5.47,1587.48
H2-M3,7.08,1101.04
Npr3,6.06,1029.3
Atp6v0a1,8.87,2404.39
9830001H06Rik,4.86,479.55
Tcf9,2.66,1234.26
Cpt1a,17.53,1473.05
Syne1,2.65,1157.55
Bcl9l,12.71,661.08
Cog1,20.79,949.8
Usp30,10.57,233.7
Hisppd1,7.61,481.93
Klhdc4,7.17,737.69
Ttc15,7.24,1659.23
Ankib1,20.95,644.35
Llgl1,11.25,460.89
Evi5,10.07,1094.62
Ctnnal1,5.94,500.62
Prkd1,5.57,1861.0
Hirip3,12.66,915.03
Ncoa2,5.1,707.68
Sh3d19,14.67,553.56
Lrrc8a,8.02,1197.7
Helz,7.93,470.39
Fxr2,30.08,970.82
2610036D13Rik,5.18,960.01
Mpdz,10.4,1411.05
Clcn5,4.64,402.33
Farp2,3.63,947.81
Rb1cc1,8.59,846.93
Uhrf1bp1l,11.21,177.07
Camsap1,7.38,1582.97
Helb,3.62,418.8
Ank3,3.04,182.53
Cog8,8.85,1330.04
Otud7b,9.34,1048.67
nan,8.37,589.4
Myo9b,14.59,641.53
Magi3,11.12,574.2
Wwp2,26.23,1655.2
Osbpl2,18.9,3984.72
Tm9sf4,16.34,1855.77
Med14,9.3,2609.07
Ccdc102a,3.43,2504.87
nan,5.47,1368.63
Slit2,22.78,1037.78
Arhgap22,15.8,853.39
Stk25,11.09,2117.95
Paxip1,14.58,3118.66
Atad5,6.56,854.95
Zcchc6,6.87,837.08
Mcc,7.3,698.43
Tap2,20.83,3337.33
Sin3b,14.02,245.81
Trps1,2.96,605.29
Met,8.67,898.49
Kif3b,6.28,758.64
Camsap1l1,8.92,1536.87
C130039O16Rik,5.44,702.59
Wdr81,7.59,1031.09
Llgl2,5.57,779.82
F730015K02Rik,3.1,301.49
Neo1,18.7,849.02
Gpatch1,3.01,760.6
Kiaa0913,15.15,294.64
Rcor2,9.58,686.24
Aftph,12.83,261.23
Mylk,6.04,1104.26
Rufy1,5.76,735.11
Wac,8.57,311.18
Ror2,10.12,790.25
Pitpnm1,17.43,343.98
Wdr6,17.66,2154.19
Tmem131,17.35,400.81
Usp32,6.71,1107.56
Gm962,3.89,552.66
Obsl1,7.56,1271.63
6030436E02Rik,6.09,2499.5
Tubgcp5,8.79,185.45
Fbxo38,7.75,676.66
Anks1,2.93,1360.07
Znf592,8.15,939.06
Ablim1,5.54,844.06
Gpam,3.39,648.78
Mastl,4.09,2368.64
Atg2b,5.09,879.34
Kiaa1522,15.48,1904.94
Znfx1,3.95,2306.5
Pkd2,21.22,613.01
Loxl4,19.12,768.87
Plec1,119.72,543.1
RP23-136P3.1,7.8,247.02
Nfkbil2,18.17,543.83
Tsc1,3.9,435.22
Eml3,17.74,761.71
Tnrc18,14.83,226.16
Inpp5f,4.8,1048.63
Ighmbp2,2.54,529.02
Pik3cb,8.81,1390.45
Clstn1,68.77,499.37
Adar,11.56,1339.2
Iqsec1,8.19,109.98
Mycbp2,8.24,109.67
Alms1,3.03,456.17
Nbea,33.26,1043.4
Pex1,5.46,218.75
Lats1,7.26,1666.11
Eif2ak4,7.0,455.45
Pik3c3,3.93,417.8
Mipep,3.78,483.97
Ncor1,15.72,572.09
Tanc1,8.79,518.25
Telo2,7.8,708.87
Myo19,9.98,397.95
Lkap,7.02,235.93
Prkdc,2.15,386.44
Spen,5.54,444.28
Jmjd1c,11.82,179.5
Cbx6,51.27,403.09
Acap2,7.94,1224.24
Usp25,7.44,414.24
Dock6,3.47,143.32
Tsc2,10.92,318.93
Dlg5,9.73,198.63
Zcchc11,5.0,324.74
Als2,5.08,220.77
4931406P16Rik,11.01,305.66
Pcdhgc3,29.05,278.55
Fam65a,10.29,475.82
Kdm3a,9.6,386.78
Tnrc6a,17.9,223.58
Mga,6.2,110.05
Synj1,3.33,56.66
Ap4b1,7.37,192.83
Rapgef2,8.91,463.9
Kif21b,2.26,290.97
Hltf,4.08,237.08
Phf3,9.9,1355.55
Adam17,18.46,195.28
Kif7,2.82,172.55
Kif13a,5.07,120.65
Crebbp,7.12,217.23
Akap11,6.24,138.27
Plec1,119.57,135.27
Ash1l,11.04,1205.26
Atr,2.59,61.37
Ubr3,11.87,265.32
Itpr1,5.36,212.69
Mll,7.84,215.87
